id,speed,travel_time,status,data_as_of,link_id,link_points,encoded_poly_line,encoded_poly_line_lvls,owner,transcom_id,borough,link_name
377,25.47,153,0,2022-10-26T08:53:13.000,4616195,"40.61486,-74.15738 40.60931,-74.15012 40.60846,-74.14847 40.6079,-74.146831 40.60764,-74.14555 40.6074906,-74.14404 40.60757,-74.1409",{q{vFrzrcMta@kl@hDiInBiIr@}F\mHOsR,BBBBBBB,NYC_DOT_LIC,4616195,Staten Island,SIE E RICHMOND AVENUE - WOOLEY AVENUE
377,24.85,158,0,2022-10-26T08:48:13.000,4616195,"40.61486,-74.15738 40.60931,-74.15012 40.60846,-74.14847 40.6079,-74.146831 40.60764,-74.14555 40.6074906,-74.14404 40.60757,-74.1409",{q{vFrzrcMta@kl@hDiInBiIr@}F\mHOsR,BBBBBBB,NYC_DOT_LIC,4616195,Staten Island,SIE E RICHMOND AVENUE - WOOLEY AVENUE
377,27.34,141,0,2022-10-26T08:43:12.000,4616195,"40.61486,-74.15738 40.60931,-74.15012 40.60846,-74.14847 40.6079,-74.146831 40.60764,-74.14555 40.6074906,-74.14404 40.60757,-74.1409",{q{vFrzrcMta@kl@hDiInBiIr@}F\mHOsR,BBBBBBB,NYC_DOT_LIC,4616195,Staten Island,SIE E RICHMOND AVENUE - WOOLEY AVENUE
377,34.17,113,0,2022-10-26T08:38:13.000,4616195,"40.61486,-74.15738 40.60931,-74.15012 40.60846,-74.14847 40.6079,-74.146831 40.60764,-74.14555 40.6074906,-74.14404 40.60757,-74.1409",{q{vFrzrcMta@kl@hDiInBiIr@}F\mHOsR,BBBBBBB,NYC_DOT_LIC,4616195,Staten Island,SIE E RICHMOND AVENUE - WOOLEY AVENUE
377,42.25,92,0,2022-10-26T08:33:13.000,4616195,"40.61486,-74.15738 40.60931,-74.15012 40.60846,-74.14847 40.6079,-74.146831 40.60764,-74.14555 40.6074906,-74.14404 40.60757,-74.1409",{q{vFrzrcMta@kl@hDiInBiIr@}F\mHOsR,BBBBBBB,NYC_DOT_LIC,4616195,Staten Island,SIE E RICHMOND AVENUE - WOOLEY AVENUE
377,44.11,89,0,2022-10-26T08:28:14.000,4616195,"40.61486,-74.15738 40.60931,-74.15012 40.60846,-74.14847 40.6079,-74.146831 40.60764,-74.14555 40.6074906,-74.14404 40.60757,-74.1409",{q{vFrzrcMta@kl@hDiInBiIr@}F\mHOsR,BBBBBBB,NYC_DOT_LIC,4616195,Staten Island,SIE E RICHMOND AVENUE - WOOLEY AVENUE
377,36.66,106,0,2022-10-26T08:23:13.000,4616195,"40.61486,-74.15738 40.60931,-74.15012 40.60846,-74.14847 40.6079,-74.146831 40.60764,-74.14555 40.6074906,-74.14404 40.60757,-74.1409",{q{vFrzrcMta@kl@hDiInBiIr@}F\mHOsR,BBBBBBB,NYC_DOT_LIC,4616195,Staten Island,SIE E RICHMOND AVENUE - WOOLEY AVENUE
377,42.87,91,0,2022-10-26T08:18:13.000,4616195,"40.61486,-74.15738 40.60931,-74.15012 40.60846,-74.14847 40.6079,-74.146831 40.60764,-74.14555 40.6074906,-74.14404 40.60757,-74.1409",{q{vFrzrcMta@kl@hDiInBiIr@}F\mHOsR,BBBBBBB,NYC_DOT_LIC,4616195,Staten Island,SIE E RICHMOND AVENUE - WOOLEY AVENUE
377,45.98,85,0,2022-10-26T08:13:15.000,4616195,"40.61486,-74.15738 40.60931,-74.15012 40.60846,-74.14847 40.6079,-74.146831 40.60764,-74.14555 40.6074906,-74.14404 40.60757,-74.1409",{q{vFrzrcMta@kl@hDiInBiIr@}F\mHOsR,BBBBBBB,NYC_DOT_LIC,4616195,Staten Island,SIE E RICHMOND AVENUE - WOOLEY AVENUE
377,44.11,88,0,2022-10-26T08:08:13.000,4616195,"40.61486,-74.15738 40.60931,-74.15012 40.60846,-74.14847 40.6079,-74.146831 40.60764,-74.14555 40.6074906,-74.14404 40.60757,-74.1409",{q{vFrzrcMta@kl@hDiInBiIr@}F\mHOsR,BBBBBBB,NYC_DOT_LIC,4616195,Staten Island,SIE E RICHMOND AVENUE - WOOLEY AVENUE
377,43.49,90,0,2022-10-26T08:03:13.000,4616195,"40.61486,-74.15738 40.60931,-74.15012 40.60846,-74.14847 40.6079,-74.146831 40.60764,-74.14555 40.6074906,-74.14404 40.60757,-74.1409",{q{vFrzrcMta@kl@hDiInBiIr@}F\mHOsR,BBBBBBB,NYC_DOT_LIC,4616195,Staten Island,SIE E RICHMOND AVENUE - WOOLEY AVENUE
377,35.41,111,0,2022-10-26T07:58:13.000,4616195,"40.61486,-74.15738 40.60931,-74.15012 40.60846,-74.14847 40.6079,-74.146831 40.60764,-74.14555 40.6074906,-74.14404 40.60757,-74.1409",{q{vFrzrcMta@kl@hDiInBiIr@}F\mHOsR,BBBBBBB,NYC_DOT_LIC,4616195,Staten Island,SIE E RICHMOND AVENUE - WOOLEY AVENUE
377,27.34,142,0,2022-10-26T07:53:14.000,4616195,"40.61486,-74.15738 40.60931,-74.15012 40.60846,-74.14847 40.6079,-74.146831 40.60764,-74.14555 40.6074906,-74.14404 40.60757,-74.1409",{q{vFrzrcMta@kl@hDiInBiIr@}F\mHOsR,BBBBBBB,NYC_DOT_LIC,4616195,Staten Island,SIE E RICHMOND AVENUE - WOOLEY AVENUE
377,16.15,236,0,2022-10-26T07:48:13.000,4616195,"40.61486,-74.15738 40.60931,-74.15012 40.60846,-74.14847 40.6079,-74.146831 40.60764,-74.14555 40.6074906,-74.14404 40.60757,-74.1409",{q{vFrzrcMta@kl@hDiInBiIr@}F\mHOsR,BBBBBBB,NYC_DOT_LIC,4616195,Staten Island,SIE E RICHMOND AVENUE - WOOLEY AVENUE
377,14.29,275,0,2022-10-26T07:43:13.000,4616195,"40.61486,-74.15738 40.60931,-74.15012 40.60846,-74.14847 40.6079,-74.146831 40.60764,-74.14555 40.6074906,-74.14404 40.60757,-74.1409",{q{vFrzrcMta@kl@hDiInBiIr@}F\mHOsR,BBBBBBB,NYC_DOT_LIC,4616195,Staten Island,SIE E RICHMOND AVENUE - WOOLEY AVENUE
377,16.77,234,0,2022-10-26T07:38:13.000,4616195,"40.61486,-74.15738 40.60931,-74.15012 40.60846,-74.14847 40.6079,-74.146831 40.60764,-74.14555 40.6074906,-74.14404 40.60757,-74.1409",{q{vFrzrcMta@kl@hDiInBiIr@}F\mHOsR,BBBBBBB,NYC_DOT_LIC,4616195,Staten Island,SIE E RICHMOND AVENUE - WOOLEY AVENUE
377,16.77,230,0,2022-10-26T07:33:14.000,4616195,"40.61486,-74.15738 40.60931,-74.15012 40.60846,-74.14847 40.6079,-74.146831 40.60764,-74.14555 40.6074906,-74.14404 40.60757,-74.1409",{q{vFrzrcMta@kl@hDiInBiIr@}F\mHOsR,BBBBBBB,NYC_DOT_LIC,4616195,Staten Island,SIE E RICHMOND AVENUE - WOOLEY AVENUE
377,14.29,270,0,2022-10-26T07:28:14.000,4616195,"40.61486,-74.15738 40.60931,-74.15012 40.60846,-74.14847 40.6079,-74.146831 40.60764,-74.14555 40.6074906,-74.14404 40.60757,-74.1409",{q{vFrzrcMta@kl@hDiInBiIr@}F\mHOsR,BBBBBBB,NYC_DOT_LIC,4616195,Staten Island,SIE E RICHMOND AVENUE - WOOLEY AVENUE
377,13.04,294,0,2022-10-26T07:23:13.000,4616195,"40.61486,-74.15738 40.60931,-74.15012 40.60846,-74.14847 40.6079,-74.146831 40.60764,-74.14555 40.6074906,-74.14404 40.60757,-74.1409",{q{vFrzrcMta@kl@hDiInBiIr@}F\mHOsR,BBBBBBB,NYC_DOT_LIC,4616195,Staten Island,SIE E RICHMOND AVENUE - WOOLEY AVENUE
377,11.80,326,0,2022-10-26T07:18:14.000,4616195,"40.61486,-74.15738 40.60931,-74.15012 40.60846,-74.14847 40.6079,-74.146831 40.60764,-74.14555 40.6074906,-74.14404 40.60757,-74.1409",{q{vFrzrcMta@kl@hDiInBiIr@}F\mHOsR,BBBBBBB,NYC_DOT_LIC,4616195,Staten Island,SIE E RICHMOND AVENUE - WOOLEY AVENUE
377,11.80,319,0,2022-10-26T07:13:14.000,4616195,"40.61486,-74.15738 40.60931,-74.15012 40.60846,-74.14847 40.6079,-74.146831 40.60764,-74.14555 40.6074906,-74.14404 40.60757,-74.1409",{q{vFrzrcMta@kl@hDiInBiIr@}F\mHOsR,BBBBBBB,NYC_DOT_LIC,4616195,Staten Island,SIE E RICHMOND AVENUE - WOOLEY AVENUE
377,12.42,317,0,2022-10-26T07:08:13.000,4616195,"40.61486,-74.15738 40.60931,-74.15012 40.60846,-74.14847 40.6079,-74.146831 40.60764,-74.14555 40.6074906,-74.14404 40.60757,-74.1409",{q{vFrzrcMta@kl@hDiInBiIr@}F\mHOsR,BBBBBBB,NYC_DOT_LIC,4616195,Staten Island,SIE E RICHMOND AVENUE - WOOLEY AVENUE
377,13.04,299,0,2022-10-26T07:03:11.000,4616195,"40.61486,-74.15738 40.60931,-74.15012 40.60846,-74.14847 40.6079,-74.146831 40.60764,-74.14555 40.6074906,-74.14404 40.60757,-74.1409",{q{vFrzrcMta@kl@hDiInBiIr@}F\mHOsR,BBBBBBB,NYC_DOT_LIC,4616195,Staten Island,SIE E RICHMOND AVENUE - WOOLEY AVENUE
377,13.67,284,0,2022-10-26T06:58:13.000,4616195,"40.61486,-74.15738 40.60931,-74.15012 40.60846,-74.14847 40.6079,-74.146831 40.60764,-74.14555 40.6074906,-74.14404 40.60757,-74.1409",{q{vFrzrcMta@kl@hDiInBiIr@}F\mHOsR,BBBBBBB,NYC_DOT_LIC,4616195,Staten Island,SIE E RICHMOND AVENUE - WOOLEY AVENUE
377,13.67,286,0,2022-10-26T06:53:13.000,4616195,"40.61486,-74.15738 40.60931,-74.15012 40.60846,-74.14847 40.6079,-74.146831 40.60764,-74.14555 40.6074906,-74.14404 40.60757,-74.1409",{q{vFrzrcMta@kl@hDiInBiIr@}F\mHOsR,BBBBBBB,NYC_DOT_LIC,4616195,Staten Island,SIE E RICHMOND AVENUE - WOOLEY AVENUE
377,13.67,281,0,2022-10-26T06:48:12.000,4616195,"40.61486,-74.15738 40.60931,-74.15012 40.60846,-74.14847 40.6079,-74.146831 40.60764,-74.14555 40.6074906,-74.14404 40.60757,-74.1409",{q{vFrzrcMta@kl@hDiInBiIr@}F\mHOsR,BBBBBBB,NYC_DOT_LIC,4616195,Staten Island,SIE E RICHMOND AVENUE - WOOLEY AVENUE
377,14.91,257,0,2022-10-26T06:43:13.000,4616195,"40.61486,-74.15738 40.60931,-74.15012 40.60846,-74.14847 40.6079,-74.146831 40.60764,-74.14555 40.6074906,-74.14404 40.60757,-74.1409",{q{vFrzrcMta@kl@hDiInBiIr@}F\mHOsR,BBBBBBB,NYC_DOT_LIC,4616195,Staten Island,SIE E RICHMOND AVENUE - WOOLEY AVENUE
377,19.88,198,0,2022-10-26T06:38:14.000,4616195,"40.61486,-74.15738 40.60931,-74.15012 40.60846,-74.14847 40.6079,-74.146831 40.60764,-74.14555 40.6074906,-74.14404 40.60757,-74.1409",{q{vFrzrcMta@kl@hDiInBiIr@}F\mHOsR,BBBBBBB,NYC_DOT_LIC,4616195,Staten Island,SIE E RICHMOND AVENUE - WOOLEY AVENUE
377,22.99,172,0,2022-10-26T06:33:13.000,4616195,"40.61486,-74.15738 40.60931,-74.15012 40.60846,-74.14847 40.6079,-74.146831 40.60764,-74.14555 40.6074906,-74.14404 40.60757,-74.1409",{q{vFrzrcMta@kl@hDiInBiIr@}F\mHOsR,BBBBBBB,NYC_DOT_LIC,4616195,Staten Island,SIE E RICHMOND AVENUE - WOOLEY AVENUE
377,26.71,146,0,2022-10-26T06:28:13.000,4616195,"40.61486,-74.15738 40.60931,-74.15012 40.60846,-74.14847 40.6079,-74.146831 40.60764,-74.14555 40.6074906,-74.14404 40.60757,-74.1409",{q{vFrzrcMta@kl@hDiInBiIr@}F\mHOsR,BBBBBBB,NYC_DOT_LIC,4616195,Staten Island,SIE E RICHMOND AVENUE - WOOLEY AVENUE
377,29.20,133,0,2022-10-26T06:23:13.000,4616195,"40.61486,-74.15738 40.60931,-74.15012 40.60846,-74.14847 40.6079,-74.146831 40.60764,-74.14555 40.6074906,-74.14404 40.60757,-74.1409",{q{vFrzrcMta@kl@hDiInBiIr@}F\mHOsR,BBBBBBB,NYC_DOT_LIC,4616195,Staten Island,SIE E RICHMOND AVENUE - WOOLEY AVENUE
377,32.31,120,0,2022-10-26T06:18:13.000,4616195,"40.61486,-74.15738 40.60931,-74.15012 40.60846,-74.14847 40.6079,-74.146831 40.60764,-74.14555 40.6074906,-74.14404 40.60757,-74.1409",{q{vFrzrcMta@kl@hDiInBiIr@}F\mHOsR,BBBBBBB,NYC_DOT_LIC,4616195,Staten Island,SIE E RICHMOND AVENUE - WOOLEY AVENUE
377,38.52,102,0,2022-10-26T06:13:13.000,4616195,"40.61486,-74.15738 40.60931,-74.15012 40.60846,-74.14847 40.6079,-74.146831 40.60764,-74.14555 40.6074906,-74.14404 40.60757,-74.1409",{q{vFrzrcMta@kl@hDiInBiIr@}F\mHOsR,BBBBBBB,NYC_DOT_LIC,4616195,Staten Island,SIE E RICHMOND AVENUE - WOOLEY AVENUE
377,44.11,89,0,2022-10-26T06:08:13.000,4616195,"40.61486,-74.15738 40.60931,-74.15012 40.60846,-74.14847 40.6079,-74.146831 40.60764,-74.14555 40.6074906,-74.14404 40.60757,-74.1409",{q{vFrzrcMta@kl@hDiInBiIr@}F\mHOsR,BBBBBBB,NYC_DOT_LIC,4616195,Staten Island,SIE E RICHMOND AVENUE - WOOLEY AVENUE
377,45.36,86,0,2022-10-26T06:03:13.000,4616195,"40.61486,-74.15738 40.60931,-74.15012 40.60846,-74.14847 40.6079,-74.146831 40.60764,-74.14555 40.6074906,-74.14404 40.60757,-74.1409",{q{vFrzrcMta@kl@hDiInBiIr@}F\mHOsR,BBBBBBB,NYC_DOT_LIC,4616195,Staten Island,SIE E RICHMOND AVENUE - WOOLEY AVENUE
377,45.36,86,0,2022-10-26T05:58:13.000,4616195,"40.61486,-74.15738 40.60931,-74.15012 40.60846,-74.14847 40.6079,-74.146831 40.60764,-74.14555 40.6074906,-74.14404 40.60757,-74.1409",{q{vFrzrcMta@kl@hDiInBiIr@}F\mHOsR,BBBBBBB,NYC_DOT_LIC,4616195,Staten Island,SIE E RICHMOND AVENUE - WOOLEY AVENUE
377,45.98,85,0,2022-10-26T05:53:13.000,4616195,"40.61486,-74.15738 40.60931,-74.15012 40.60846,-74.14847 40.6079,-74.146831 40.60764,-74.14555 40.6074906,-74.14404 40.60757,-74.1409",{q{vFrzrcMta@kl@hDiInBiIr@}F\mHOsR,BBBBBBB,NYC_DOT_LIC,4616195,Staten Island,SIE E RICHMOND AVENUE - WOOLEY AVENUE
377,46.60,83,0,2022-10-26T05:48:12.000,4616195,"40.61486,-74.15738 40.60931,-74.15012 40.60846,-74.14847 40.6079,-74.146831 40.60764,-74.14555 40.6074906,-74.14404 40.60757,-74.1409",{q{vFrzrcMta@kl@hDiInBiIr@}F\mHOsR,BBBBBBB,NYC_DOT_LIC,4616195,Staten Island,SIE E RICHMOND AVENUE - WOOLEY AVENUE
377,46.60,84,0,2022-10-26T05:43:13.000,4616195,"40.61486,-74.15738 40.60931,-74.15012 40.60846,-74.14847 40.6079,-74.146831 40.60764,-74.14555 40.6074906,-74.14404 40.60757,-74.1409",{q{vFrzrcMta@kl@hDiInBiIr@}F\mHOsR,BBBBBBB,NYC_DOT_LIC,4616195,Staten Island,SIE E RICHMOND AVENUE - WOOLEY AVENUE
377,52.19,75,0,2022-10-26T05:38:14.000,4616195,"40.61486,-74.15738 40.60931,-74.15012 40.60846,-74.14847 40.6079,-74.146831 40.60764,-74.14555 40.6074906,-74.14404 40.60757,-74.1409",{q{vFrzrcMta@kl@hDiInBiIr@}F\mHOsR,BBBBBBB,NYC_DOT_LIC,4616195,Staten Island,SIE E RICHMOND AVENUE - WOOLEY AVENUE
377,50.95,77,0,2022-10-26T05:33:13.000,4616195,"40.61486,-74.15738 40.60931,-74.15012 40.60846,-74.14847 40.6079,-74.146831 40.60764,-74.14555 40.6074906,-74.14404 40.60757,-74.1409",{q{vFrzrcMta@kl@hDiInBiIr@}F\mHOsR,BBBBBBB,NYC_DOT_LIC,4616195,Staten Island,SIE E RICHMOND AVENUE - WOOLEY AVENUE
377,52.81,74,0,2022-10-26T05:28:13.000,4616195,"40.61486,-74.15738 40.60931,-74.15012 40.60846,-74.14847 40.6079,-74.146831 40.60764,-74.14555 40.6074906,-74.14404 40.60757,-74.1409",{q{vFrzrcMta@kl@hDiInBiIr@}F\mHOsR,BBBBBBB,NYC_DOT_LIC,4616195,Staten Island,SIE E RICHMOND AVENUE - WOOLEY AVENUE
377,54.05,72,0,2022-10-26T05:23:11.000,4616195,"40.61486,-74.15738 40.60931,-74.15012 40.60846,-74.14847 40.6079,-74.146831 40.60764,-74.14555 40.6074906,-74.14404 40.60757,-74.1409",{q{vFrzrcMta@kl@hDiInBiIr@}F\mHOsR,BBBBBBB,NYC_DOT_LIC,4616195,Staten Island,SIE E RICHMOND AVENUE - WOOLEY AVENUE
377,54.68,71,0,2022-10-26T05:18:13.000,4616195,"40.61486,-74.15738 40.60931,-74.15012 40.60846,-74.14847 40.6079,-74.146831 40.60764,-74.14555 40.6074906,-74.14404 40.60757,-74.1409",{q{vFrzrcMta@kl@hDiInBiIr@}F\mHOsR,BBBBBBB,NYC_DOT_LIC,4616195,Staten Island,SIE E RICHMOND AVENUE - WOOLEY AVENUE
377,54.68,72,0,2022-10-26T05:13:13.000,4616195,"40.61486,-74.15738 40.60931,-74.15012 40.60846,-74.14847 40.6079,-74.146831 40.60764,-74.14555 40.6074906,-74.14404 40.60757,-74.1409",{q{vFrzrcMta@kl@hDiInBiIr@}F\mHOsR,BBBBBBB,NYC_DOT_LIC,4616195,Staten Island,SIE E RICHMOND AVENUE - WOOLEY AVENUE
377,57.16,69,0,2022-10-26T05:08:13.000,4616195,"40.61486,-74.15738 40.60931,-74.15012 40.60846,-74.14847 40.6079,-74.146831 40.60764,-74.14555 40.6074906,-74.14404 40.60757,-74.1409",{q{vFrzrcMta@kl@hDiInBiIr@}F\mHOsR,BBBBBBB,NYC_DOT_LIC,4616195,Staten Island,SIE E RICHMOND AVENUE - WOOLEY AVENUE
377,56.54,69,0,2022-10-26T05:03:14.000,4616195,"40.61486,-74.15738 40.60931,-74.15012 40.60846,-74.14847 40.6079,-74.146831 40.60764,-74.14555 40.6074906,-74.14404 40.60757,-74.1409",{q{vFrzrcMta@kl@hDiInBiIr@}F\mHOsR,BBBBBBB,NYC_DOT_LIC,4616195,Staten Island,SIE E RICHMOND AVENUE - WOOLEY AVENUE
377,57.16,68,0,2022-10-26T04:58:12.000,4616195,"40.61486,-74.15738 40.60931,-74.15012 40.60846,-74.14847 40.6079,-74.146831 40.60764,-74.14555 40.6074906,-74.14404 40.60757,-74.1409",{q{vFrzrcMta@kl@hDiInBiIr@}F\mHOsR,BBBBBBB,NYC_DOT_LIC,4616195,Staten Island,SIE E RICHMOND AVENUE - WOOLEY AVENUE
377,56.54,69,0,2022-10-26T04:53:13.000,4616195,"40.61486,-74.15738 40.60931,-74.15012 40.60846,-74.14847 40.6079,-74.146831 40.60764,-74.14555 40.6074906,-74.14404 40.60757,-74.1409",{q{vFrzrcMta@kl@hDiInBiIr@}F\mHOsR,BBBBBBB,NYC_DOT_LIC,4616195,Staten Island,SIE E RICHMOND AVENUE - WOOLEY AVENUE
377,55.92,70,0,2022-10-26T04:48:12.000,4616195,"40.61486,-74.15738 40.60931,-74.15012 40.60846,-74.14847 40.6079,-74.146831 40.60764,-74.14555 40.6074906,-74.14404 40.60757,-74.1409",{q{vFrzrcMta@kl@hDiInBiIr@}F\mHOsR,BBBBBBB,NYC_DOT_LIC,4616195,Staten Island,SIE E RICHMOND AVENUE - WOOLEY AVENUE
377,58.40,67,0,2022-10-26T04:43:13.000,4616195,"40.61486,-74.15738 40.60931,-74.15012 40.60846,-74.14847 40.6079,-74.146831 40.60764,-74.14555 40.6074906,-74.14404 40.60757,-74.1409",{q{vFrzrcMta@kl@hDiInBiIr@}F\mHOsR,BBBBBBB,NYC_DOT_LIC,4616195,Staten Island,SIE E RICHMOND AVENUE - WOOLEY AVENUE
377,58.40,67,0,2022-10-26T04:38:12.000,4616195,"40.61486,-74.15738 40.60931,-74.15012 40.60846,-74.14847 40.6079,-74.146831 40.60764,-74.14555 40.6074906,-74.14404 40.60757,-74.1409",{q{vFrzrcMta@kl@hDiInBiIr@}F\mHOsR,BBBBBBB,NYC_DOT_LIC,4616195,Staten Island,SIE E RICHMOND AVENUE - WOOLEY AVENUE
377,57.78,67,0,2022-10-26T04:33:12.000,4616195,"40.61486,-74.15738 40.60931,-74.15012 40.60846,-74.14847 40.6079,-74.146831 40.60764,-74.14555 40.6074906,-74.14404 40.60757,-74.1409",{q{vFrzrcMta@kl@hDiInBiIr@}F\mHOsR,BBBBBBB,NYC_DOT_LIC,4616195,Staten Island,SIE E RICHMOND AVENUE - WOOLEY AVENUE
377,55.92,70,0,2022-10-26T04:28:12.000,4616195,"40.61486,-74.15738 40.60931,-74.15012 40.60846,-74.14847 40.6079,-74.146831 40.60764,-74.14555 40.6074906,-74.14404 40.60757,-74.1409",{q{vFrzrcMta@kl@hDiInBiIr@}F\mHOsR,BBBBBBB,NYC_DOT_LIC,4616195,Staten Island,SIE E RICHMOND AVENUE - WOOLEY AVENUE
377,50.95,77,0,2022-10-26T04:23:12.000,4616195,"40.61486,-74.15738 40.60931,-74.15012 40.60846,-74.14847 40.6079,-74.146831 40.60764,-74.14555 40.6074906,-74.14404 40.60757,-74.1409",{q{vFrzrcMta@kl@hDiInBiIr@}F\mHOsR,BBBBBBB,NYC_DOT_LIC,4616195,Staten Island,SIE E RICHMOND AVENUE - WOOLEY AVENUE
377,59.03,66,0,2022-10-26T04:18:12.000,4616195,"40.61486,-74.15738 40.60931,-74.15012 40.60846,-74.14847 40.6079,-74.146831 40.60764,-74.14555 40.6074906,-74.14404 40.60757,-74.1409",{q{vFrzrcMta@kl@hDiInBiIr@}F\mHOsR,BBBBBBB,NYC_DOT_LIC,4616195,Staten Island,SIE E RICHMOND AVENUE - WOOLEY AVENUE
377,57.78,68,0,2022-10-26T04:13:12.000,4616195,"40.61486,-74.15738 40.60931,-74.15012 40.60846,-74.14847 40.6079,-74.146831 40.60764,-74.14555 40.6074906,-74.14404 40.60757,-74.1409",{q{vFrzrcMta@kl@hDiInBiIr@}F\mHOsR,BBBBBBB,NYC_DOT_LIC,4616195,Staten Island,SIE E RICHMOND AVENUE - WOOLEY AVENUE
377,58.40,67,0,2022-10-26T04:08:12.000,4616195,"40.61486,-74.15738 40.60931,-74.15012 40.60846,-74.14847 40.6079,-74.146831 40.60764,-74.14555 40.6074906,-74.14404 40.60757,-74.1409",{q{vFrzrcMta@kl@hDiInBiIr@}F\mHOsR,BBBBBBB,NYC_DOT_LIC,4616195,Staten Island,SIE E RICHMOND AVENUE - WOOLEY AVENUE
377,58.40,67,0,2022-10-26T04:03:12.000,4616195,"40.61486,-74.15738 40.60931,-74.15012 40.60846,-74.14847 40.6079,-74.146831 40.60764,-74.14555 40.6074906,-74.14404 40.60757,-74.1409",{q{vFrzrcMta@kl@hDiInBiIr@}F\mHOsR,BBBBBBB,NYC_DOT_LIC,4616195,Staten Island,SIE E RICHMOND AVENUE - WOOLEY AVENUE
377,58.40,67,0,2022-10-26T03:58:11.000,4616195,"40.61486,-74.15738 40.60931,-74.15012 40.60846,-74.14847 40.6079,-74.146831 40.60764,-74.14555 40.6074906,-74.14404 40.60757,-74.1409",{q{vFrzrcMta@kl@hDiInBiIr@}F\mHOsR,BBBBBBB,NYC_DOT_LIC,4616195,Staten Island,SIE E RICHMOND AVENUE - WOOLEY AVENUE
377,58.40,67,0,2022-10-26T03:53:12.000,4616195,"40.61486,-74.15738 40.60931,-74.15012 40.60846,-74.14847 40.6079,-74.146831 40.60764,-74.14555 40.6074906,-74.14404 40.60757,-74.1409",{q{vFrzrcMta@kl@hDiInBiIr@}F\mHOsR,BBBBBBB,NYC_DOT_LIC,4616195,Staten Island,SIE E RICHMOND AVENUE - WOOLEY AVENUE
377,58.40,67,0,2022-10-26T03:48:11.000,4616195,"40.61486,-74.15738 40.60931,-74.15012 40.60846,-74.14847 40.6079,-74.146831 40.60764,-74.14555 40.6074906,-74.14404 40.60757,-74.1409",{q{vFrzrcMta@kl@hDiInBiIr@}F\mHOsR,BBBBBBB,NYC_DOT_LIC,4616195,Staten Island,SIE E RICHMOND AVENUE - WOOLEY AVENUE
377,57.78,68,0,2022-10-26T03:43:12.000,4616195,"40.61486,-74.15738 40.60931,-74.15012 40.60846,-74.14847 40.6079,-74.146831 40.60764,-74.14555 40.6074906,-74.14404 40.60757,-74.1409",{q{vFrzrcMta@kl@hDiInBiIr@}F\mHOsR,BBBBBBB,NYC_DOT_LIC,4616195,Staten Island,SIE E RICHMOND AVENUE - WOOLEY AVENUE
377,57.78,68,0,2022-10-26T03:38:11.000,4616195,"40.61486,-74.15738 40.60931,-74.15012 40.60846,-74.14847 40.6079,-74.146831 40.60764,-74.14555 40.6074906,-74.14404 40.60757,-74.1409",{q{vFrzrcMta@kl@hDiInBiIr@}F\mHOsR,BBBBBBB,NYC_DOT_LIC,4616195,Staten Island,SIE E RICHMOND AVENUE - WOOLEY AVENUE
377,59.03,66,0,2022-10-26T03:33:11.000,4616195,"40.61486,-74.15738 40.60931,-74.15012 40.60846,-74.14847 40.6079,-74.146831 40.60764,-74.14555 40.6074906,-74.14404 40.60757,-74.1409",{q{vFrzrcMta@kl@hDiInBiIr@}F\mHOsR,BBBBBBB,NYC_DOT_LIC,4616195,Staten Island,SIE E RICHMOND AVENUE - WOOLEY AVENUE
377,59.03,66,0,2022-10-26T03:28:12.000,4616195,"40.61486,-74.15738 40.60931,-74.15012 40.60846,-74.14847 40.6079,-74.146831 40.60764,-74.14555 40.6074906,-74.14404 40.60757,-74.1409",{q{vFrzrcMta@kl@hDiInBiIr@}F\mHOsR,BBBBBBB,NYC_DOT_LIC,4616195,Staten Island,SIE E RICHMOND AVENUE - WOOLEY AVENUE
377,58.40,67,0,2022-10-26T03:23:11.000,4616195,"40.61486,-74.15738 40.60931,-74.15012 40.60846,-74.14847 40.6079,-74.146831 40.60764,-74.14555 40.6074906,-74.14404 40.60757,-74.1409",{q{vFrzrcMta@kl@hDiInBiIr@}F\mHOsR,BBBBBBB,NYC_DOT_LIC,4616195,Staten Island,SIE E RICHMOND AVENUE - WOOLEY AVENUE
377,59.03,66,0,2022-10-26T03:18:12.000,4616195,"40.61486,-74.15738 40.60931,-74.15012 40.60846,-74.14847 40.6079,-74.146831 40.60764,-74.14555 40.6074906,-74.14404 40.60757,-74.1409",{q{vFrzrcMta@kl@hDiInBiIr@}F\mHOsR,BBBBBBB,NYC_DOT_LIC,4616195,Staten Island,SIE E RICHMOND AVENUE - WOOLEY AVENUE
377,59.03,67,0,2022-10-26T03:13:11.000,4616195,"40.61486,-74.15738 40.60931,-74.15012 40.60846,-74.14847 40.6079,-74.146831 40.60764,-74.14555 40.6074906,-74.14404 40.60757,-74.1409",{q{vFrzrcMta@kl@hDiInBiIr@}F\mHOsR,BBBBBBB,NYC_DOT_LIC,4616195,Staten Island,SIE E RICHMOND AVENUE - WOOLEY AVENUE
377,51.57,75,0,2022-10-26T03:08:10.000,4616195,"40.61486,-74.15738 40.60931,-74.15012 40.60846,-74.14847 40.6079,-74.146831 40.60764,-74.14555 40.6074906,-74.14404 40.60757,-74.1409",{q{vFrzrcMta@kl@hDiInBiIr@}F\mHOsR,BBBBBBB,NYC_DOT_LIC,4616195,Staten Island,SIE E RICHMOND AVENUE - WOOLEY AVENUE
377,52.19,75,0,2022-10-26T03:03:12.000,4616195,"40.61486,-74.15738 40.60931,-74.15012 40.60846,-74.14847 40.6079,-74.146831 40.60764,-74.14555 40.6074906,-74.14404 40.60757,-74.1409",{q{vFrzrcMta@kl@hDiInBiIr@}F\mHOsR,BBBBBBB,NYC_DOT_LIC,4616195,Staten Island,SIE E RICHMOND AVENUE - WOOLEY AVENUE
377,50.95,77,0,2022-10-26T02:58:12.000,4616195,"40.61486,-74.15738 40.60931,-74.15012 40.60846,-74.14847 40.6079,-74.146831 40.60764,-74.14555 40.6074906,-74.14404 40.60757,-74.1409",{q{vFrzrcMta@kl@hDiInBiIr@}F\mHOsR,BBBBBBB,NYC_DOT_LIC,4616195,Staten Island,SIE E RICHMOND AVENUE - WOOLEY AVENUE
377,57.78,68,0,2022-10-26T02:53:12.000,4616195,"40.61486,-74.15738 40.60931,-74.15012 40.60846,-74.14847 40.6079,-74.146831 40.60764,-74.14555 40.6074906,-74.14404 40.60757,-74.1409",{q{vFrzrcMta@kl@hDiInBiIr@}F\mHOsR,BBBBBBB,NYC_DOT_LIC,4616195,Staten Island,SIE E RICHMOND AVENUE - WOOLEY AVENUE
377,59.03,66,0,2022-10-26T02:48:11.000,4616195,"40.61486,-74.15738 40.60931,-74.15012 40.60846,-74.14847 40.6079,-74.146831 40.60764,-74.14555 40.6074906,-74.14404 40.60757,-74.1409",{q{vFrzrcMta@kl@hDiInBiIr@}F\mHOsR,BBBBBBB,NYC_DOT_LIC,4616195,Staten Island,SIE E RICHMOND AVENUE - WOOLEY AVENUE
377,58.40,67,0,2022-10-26T02:43:12.000,4616195,"40.61486,-74.15738 40.60931,-74.15012 40.60846,-74.14847 40.6079,-74.146831 40.60764,-74.14555 40.6074906,-74.14404 40.60757,-74.1409",{q{vFrzrcMta@kl@hDiInBiIr@}F\mHOsR,BBBBBBB,NYC_DOT_LIC,4616195,Staten Island,SIE E RICHMOND AVENUE - WOOLEY AVENUE
377,57.78,68,0,2022-10-26T02:38:11.000,4616195,"40.61486,-74.15738 40.60931,-74.15012 40.60846,-74.14847 40.6079,-74.146831 40.60764,-74.14555 40.6074906,-74.14404 40.60757,-74.1409",{q{vFrzrcMta@kl@hDiInBiIr@}F\mHOsR,BBBBBBB,NYC_DOT_LIC,4616195,Staten Island,SIE E RICHMOND AVENUE - WOOLEY AVENUE
377,57.16,68,0,2022-10-26T02:33:12.000,4616195,"40.61486,-74.15738 40.60931,-74.15012 40.60846,-74.14847 40.6079,-74.146831 40.60764,-74.14555 40.6074906,-74.14404 40.60757,-74.1409",{q{vFrzrcMta@kl@hDiInBiIr@}F\mHOsR,BBBBBBB,NYC_DOT_LIC,4616195,Staten Island,SIE E RICHMOND AVENUE - WOOLEY AVENUE
377,56.54,69,0,2022-10-26T02:28:12.000,4616195,"40.61486,-74.15738 40.60931,-74.15012 40.60846,-74.14847 40.6079,-74.146831 40.60764,-74.14555 40.6074906,-74.14404 40.60757,-74.1409",{q{vFrzrcMta@kl@hDiInBiIr@}F\mHOsR,BBBBBBB,NYC_DOT_LIC,4616195,Staten Island,SIE E RICHMOND AVENUE - WOOLEY AVENUE
377,57.16,68,0,2022-10-26T02:23:12.000,4616195,"40.61486,-74.15738 40.60931,-74.15012 40.60846,-74.14847 40.6079,-74.146831 40.60764,-74.14555 40.6074906,-74.14404 40.60757,-74.1409",{q{vFrzrcMta@kl@hDiInBiIr@}F\mHOsR,BBBBBBB,NYC_DOT_LIC,4616195,Staten Island,SIE E RICHMOND AVENUE - WOOLEY AVENUE
377,55.30,71,0,2022-10-26T02:18:11.000,4616195,"40.61486,-74.15738 40.60931,-74.15012 40.60846,-74.14847 40.6079,-74.146831 40.60764,-74.14555 40.6074906,-74.14404 40.60757,-74.1409",{q{vFrzrcMta@kl@hDiInBiIr@}F\mHOsR,BBBBBBB,NYC_DOT_LIC,4616195,Staten Island,SIE E RICHMOND AVENUE - WOOLEY AVENUE
377,54.68,71,0,2022-10-26T02:13:11.000,4616195,"40.61486,-74.15738 40.60931,-74.15012 40.60846,-74.14847 40.6079,-74.146831 40.60764,-74.14555 40.6074906,-74.14404 40.60757,-74.1409",{q{vFrzrcMta@kl@hDiInBiIr@}F\mHOsR,BBBBBBB,NYC_DOT_LIC,4616195,Staten Island,SIE E RICHMOND AVENUE - WOOLEY AVENUE
377,57.16,68,0,2022-10-26T02:08:11.000,4616195,"40.61486,-74.15738 40.60931,-74.15012 40.60846,-74.14847 40.6079,-74.146831 40.60764,-74.14555 40.6074906,-74.14404 40.60757,-74.1409",{q{vFrzrcMta@kl@hDiInBiIr@}F\mHOsR,BBBBBBB,NYC_DOT_LIC,4616195,Staten Island,SIE E RICHMOND AVENUE - WOOLEY AVENUE
377,57.16,69,0,2022-10-26T02:03:12.000,4616195,"40.61486,-74.15738 40.60931,-74.15012 40.60846,-74.14847 40.6079,-74.146831 40.60764,-74.14555 40.6074906,-74.14404 40.60757,-74.1409",{q{vFrzrcMta@kl@hDiInBiIr@}F\mHOsR,BBBBBBB,NYC_DOT_LIC,4616195,Staten Island,SIE E RICHMOND AVENUE - WOOLEY AVENUE
377,55.92,70,0,2022-10-26T01:58:12.000,4616195,"40.61486,-74.15738 40.60931,-74.15012 40.60846,-74.14847 40.6079,-74.146831 40.60764,-74.14555 40.6074906,-74.14404 40.60757,-74.1409",{q{vFrzrcMta@kl@hDiInBiIr@}F\mHOsR,BBBBBBB,NYC_DOT_LIC,4616195,Staten Island,SIE E RICHMOND AVENUE - WOOLEY AVENUE
377,55.92,70,0,2022-10-26T01:53:11.000,4616195,"40.61486,-74.15738 40.60931,-74.15012 40.60846,-74.14847 40.6079,-74.146831 40.60764,-74.14555 40.6074906,-74.14404 40.60757,-74.1409",{q{vFrzrcMta@kl@hDiInBiIr@}F\mHOsR,BBBBBBB,NYC_DOT_LIC,4616195,Staten Island,SIE E RICHMOND AVENUE - WOOLEY AVENUE
377,57.16,68,0,2022-10-26T01:48:12.000,4616195,"40.61486,-74.15738 40.60931,-74.15012 40.60846,-74.14847 40.6079,-74.146831 40.60764,-74.14555 40.6074906,-74.14404 40.60757,-74.1409",{q{vFrzrcMta@kl@hDiInBiIr@}F\mHOsR,BBBBBBB,NYC_DOT_LIC,4616195,Staten Island,SIE E RICHMOND AVENUE - WOOLEY AVENUE
377,57.78,68,0,2022-10-26T01:43:12.000,4616195,"40.61486,-74.15738 40.60931,-74.15012 40.60846,-74.14847 40.6079,-74.146831 40.60764,-74.14555 40.6074906,-74.14404 40.60757,-74.1409",{q{vFrzrcMta@kl@hDiInBiIr@}F\mHOsR,BBBBBBB,NYC_DOT_LIC,4616195,Staten Island,SIE E RICHMOND AVENUE - WOOLEY AVENUE
377,57.78,68,0,2022-10-26T01:38:12.000,4616195,"40.61486,-74.15738 40.60931,-74.15012 40.60846,-74.14847 40.6079,-74.146831 40.60764,-74.14555 40.6074906,-74.14404 40.60757,-74.1409",{q{vFrzrcMta@kl@hDiInBiIr@}F\mHOsR,BBBBBBB,NYC_DOT_LIC,4616195,Staten Island,SIE E RICHMOND AVENUE - WOOLEY AVENUE
377,59.03,67,0,2022-10-26T01:33:11.000,4616195,"40.61486,-74.15738 40.60931,-74.15012 40.60846,-74.14847 40.6079,-74.146831 40.60764,-74.14555 40.6074906,-74.14404 40.60757,-74.1409",{q{vFrzrcMta@kl@hDiInBiIr@}F\mHOsR,BBBBBBB,NYC_DOT_LIC,4616195,Staten Island,SIE E RICHMOND AVENUE - WOOLEY AVENUE
377,58.40,67,0,2022-10-26T01:28:13.000,4616195,"40.61486,-74.15738 40.60931,-74.15012 40.60846,-74.14847 40.6079,-74.146831 40.60764,-74.14555 40.6074906,-74.14404 40.60757,-74.1409",{q{vFrzrcMta@kl@hDiInBiIr@}F\mHOsR,BBBBBBB,NYC_DOT_LIC,4616195,Staten Island,SIE E RICHMOND AVENUE - WOOLEY AVENUE
377,57.16,68,0,2022-10-26T01:23:11.000,4616195,"40.61486,-74.15738 40.60931,-74.15012 40.60846,-74.14847 40.6079,-74.146831 40.60764,-74.14555 40.6074906,-74.14404 40.60757,-74.1409",{q{vFrzrcMta@kl@hDiInBiIr@}F\mHOsR,BBBBBBB,NYC_DOT_LIC,4616195,Staten Island,SIE E RICHMOND AVENUE - WOOLEY AVENUE
377,56.54,69,0,2022-10-26T01:18:11.000,4616195,"40.61486,-74.15738 40.60931,-74.15012 40.60846,-74.14847 40.6079,-74.146831 40.60764,-74.14555 40.6074906,-74.14404 40.60757,-74.1409",{q{vFrzrcMta@kl@hDiInBiIr@}F\mHOsR,BBBBBBB,NYC_DOT_LIC,4616195,Staten Island,SIE E RICHMOND AVENUE - WOOLEY AVENUE
377,51.57,75,0,2022-10-26T01:13:12.000,4616195,"40.61486,-74.15738 40.60931,-74.15012 40.60846,-74.14847 40.6079,-74.146831 40.60764,-74.14555 40.6074906,-74.14404 40.60757,-74.1409",{q{vFrzrcMta@kl@hDiInBiIr@}F\mHOsR,BBBBBBB,NYC_DOT_LIC,4616195,Staten Island,SIE E RICHMOND AVENUE - WOOLEY AVENUE
377,56.54,69,0,2022-10-26T01:08:11.000,4616195,"40.61486,-74.15738 40.60931,-74.15012 40.60846,-74.14847 40.6079,-74.146831 40.60764,-74.14555 40.6074906,-74.14404 40.60757,-74.1409",{q{vFrzrcMta@kl@hDiInBiIr@}F\mHOsR,BBBBBBB,NYC_DOT_LIC,4616195,Staten Island,SIE E RICHMOND AVENUE - WOOLEY AVENUE
377,51.57,76,0,2022-10-26T01:04:13.000,4616195,"40.61486,-74.15738 40.60931,-74.15012 40.60846,-74.14847 40.6079,-74.146831 40.60764,-74.14555 40.6074906,-74.14404 40.60757,-74.1409",{q{vFrzrcMta@kl@hDiInBiIr@}F\mHOsR,BBBBBBB,NYC_DOT_LIC,4616195,Staten Island,SIE E RICHMOND AVENUE - WOOLEY AVENUE
377,52.81,74,0,2022-10-26T00:58:11.000,4616195,"40.61486,-74.15738 40.60931,-74.15012 40.60846,-74.14847 40.6079,-74.146831 40.60764,-74.14555 40.6074906,-74.14404 40.60757,-74.1409",{q{vFrzrcMta@kl@hDiInBiIr@}F\mHOsR,BBBBBBB,NYC_DOT_LIC,4616195,Staten Island,SIE E RICHMOND AVENUE - WOOLEY AVENUE
377,58.40,67,0,2022-10-26T00:54:10.000,4616195,"40.61486,-74.15738 40.60931,-74.15012 40.60846,-74.14847 40.6079,-74.146831 40.60764,-74.14555 40.6074906,-74.14404 40.60757,-74.1409",{q{vFrzrcMta@kl@hDiInBiIr@}F\mHOsR,BBBBBBB,NYC_DOT_LIC,4616195,Staten Island,SIE E RICHMOND AVENUE - WOOLEY AVENUE
377,57.78,68,0,2022-10-26T00:48:12.000,4616195,"40.61486,-74.15738 40.60931,-74.15012 40.60846,-74.14847 40.6079,-74.146831 40.60764,-74.14555 40.6074906,-74.14404 40.60757,-74.1409",{q{vFrzrcMta@kl@hDiInBiIr@}F\mHOsR,BBBBBBB,NYC_DOT_LIC,4616195,Staten Island,SIE E RICHMOND AVENUE - WOOLEY AVENUE
377,55.92,70,0,2022-10-26T00:43:10.000,4616195,"40.61486,-74.15738 40.60931,-74.15012 40.60846,-74.14847 40.6079,-74.146831 40.60764,-74.14555 40.6074906,-74.14404 40.60757,-74.1409",{q{vFrzrcMta@kl@hDiInBiIr@}F\mHOsR,BBBBBBB,NYC_DOT_LIC,4616195,Staten Island,SIE E RICHMOND AVENUE - WOOLEY AVENUE
377,54.68,71,0,2022-10-26T00:38:11.000,4616195,"40.61486,-74.15738 40.60931,-74.15012 40.60846,-74.14847 40.6079,-74.146831 40.60764,-74.14555 40.6074906,-74.14404 40.60757,-74.1409",{q{vFrzrcMta@kl@hDiInBiIr@}F\mHOsR,BBBBBBB,NYC_DOT_LIC,4616195,Staten Island,SIE E RICHMOND AVENUE - WOOLEY AVENUE
377,53.43,73,0,2022-10-26T00:33:11.000,4616195,"40.61486,-74.15738 40.60931,-74.15012 40.60846,-74.14847 40.6079,-74.146831 40.60764,-74.14555 40.6074906,-74.14404 40.60757,-74.1409",{q{vFrzrcMta@kl@hDiInBiIr@}F\mHOsR,BBBBBBB,NYC_DOT_LIC,4616195,Staten Island,SIE E RICHMOND AVENUE - WOOLEY AVENUE
377,53.43,73,0,2022-10-26T00:28:11.000,4616195,"40.61486,-74.15738 40.60931,-74.15012 40.60846,-74.14847 40.6079,-74.146831 40.60764,-74.14555 40.6074906,-74.14404 40.60757,-74.1409",{q{vFrzrcMta@kl@hDiInBiIr@}F\mHOsR,BBBBBBB,NYC_DOT_LIC,4616195,Staten Island,SIE E RICHMOND AVENUE - WOOLEY AVENUE
377,54.68,72,0,2022-10-26T00:24:09.000,4616195,"40.61486,-74.15738 40.60931,-74.15012 40.60846,-74.14847 40.6079,-74.146831 40.60764,-74.14555 40.6074906,-74.14404 40.60757,-74.1409",{q{vFrzrcMta@kl@hDiInBiIr@}F\mHOsR,BBBBBBB,NYC_DOT_LIC,4616195,Staten Island,SIE E RICHMOND AVENUE - WOOLEY AVENUE
377,54.05,72,0,2022-10-26T00:18:10.000,4616195,"40.61486,-74.15738 40.60931,-74.15012 40.60846,-74.14847 40.6079,-74.146831 40.60764,-74.14555 40.6074906,-74.14404 40.60757,-74.1409",{q{vFrzrcMta@kl@hDiInBiIr@}F\mHOsR,BBBBBBB,NYC_DOT_LIC,4616195,Staten Island,SIE E RICHMOND AVENUE - WOOLEY AVENUE
377,54.05,72,0,2022-10-26T00:14:09.000,4616195,"40.61486,-74.15738 40.60931,-74.15012 40.60846,-74.14847 40.6079,-74.146831 40.60764,-74.14555 40.6074906,-74.14404 40.60757,-74.1409",{q{vFrzrcMta@kl@hDiInBiIr@}F\mHOsR,BBBBBBB,NYC_DOT_LIC,4616195,Staten Island,SIE E RICHMOND AVENUE - WOOLEY AVENUE
377,54.05,72,0,2022-10-26T00:09:11.000,4616195,"40.61486,-74.15738 40.60931,-74.15012 40.60846,-74.14847 40.6079,-74.146831 40.60764,-74.14555 40.6074906,-74.14404 40.60757,-74.1409",{q{vFrzrcMta@kl@hDiInBiIr@}F\mHOsR,BBBBBBB,NYC_DOT_LIC,4616195,Staten Island,SIE E RICHMOND AVENUE - WOOLEY AVENUE
377,52.81,74,0,2022-10-26T00:04:08.000,4616195,"40.61486,-74.15738 40.60931,-74.15012 40.60846,-74.14847 40.6079,-74.146831 40.60764,-74.14555 40.6074906,-74.14404 40.60757,-74.1409",{q{vFrzrcMta@kl@hDiInBiIr@}F\mHOsR,BBBBBBB,NYC_DOT_LIC,4616195,Staten Island,SIE E RICHMOND AVENUE - WOOLEY AVENUE
377,56.54,69,0,2022-10-25T23:59:12.000,4616195,"40.61486,-74.15738 40.60931,-74.15012 40.60846,-74.14847 40.6079,-74.146831 40.60764,-74.14555 40.6074906,-74.14404 40.60757,-74.1409",{q{vFrzrcMta@kl@hDiInBiIr@}F\mHOsR,BBBBBBB,NYC_DOT_LIC,4616195,Staten Island,SIE E RICHMOND AVENUE - WOOLEY AVENUE
377,55.92,70,0,2022-10-25T23:54:09.000,4616195,"40.61486,-74.15738 40.60931,-74.15012 40.60846,-74.14847 40.6079,-74.146831 40.60764,-74.14555 40.6074906,-74.14404 40.60757,-74.1409",{q{vFrzrcMta@kl@hDiInBiIr@}F\mHOsR,BBBBBBB,NYC_DOT_LIC,4616195,Staten Island,SIE E RICHMOND AVENUE - WOOLEY AVENUE
377,57.16,68,0,2022-10-25T23:49:13.000,4616195,"40.61486,-74.15738 40.60931,-74.15012 40.60846,-74.14847 40.6079,-74.146831 40.60764,-74.14555 40.6074906,-74.14404 40.60757,-74.1409",{q{vFrzrcMta@kl@hDiInBiIr@}F\mHOsR,BBBBBBB,NYC_DOT_LIC,4616195,Staten Island,SIE E RICHMOND AVENUE - WOOLEY AVENUE
377,57.16,68,0,2022-10-25T23:44:09.000,4616195,"40.61486,-74.15738 40.60931,-74.15012 40.60846,-74.14847 40.6079,-74.146831 40.60764,-74.14555 40.6074906,-74.14404 40.60757,-74.1409",{q{vFrzrcMta@kl@hDiInBiIr@}F\mHOsR,BBBBBBB,NYC_DOT_LIC,4616195,Staten Island,SIE E RICHMOND AVENUE - WOOLEY AVENUE
377,56.54,69,0,2022-10-25T23:39:11.000,4616195,"40.61486,-74.15738 40.60931,-74.15012 40.60846,-74.14847 40.6079,-74.146831 40.60764,-74.14555 40.6074906,-74.14404 40.60757,-74.1409",{q{vFrzrcMta@kl@hDiInBiIr@}F\mHOsR,BBBBBBB,NYC_DOT_LIC,4616195,Staten Island,SIE E RICHMOND AVENUE - WOOLEY AVENUE
377,56.54,69,0,2022-10-25T23:34:09.000,4616195,"40.61486,-74.15738 40.60931,-74.15012 40.60846,-74.14847 40.6079,-74.146831 40.60764,-74.14555 40.6074906,-74.14404 40.60757,-74.1409",{q{vFrzrcMta@kl@hDiInBiIr@}F\mHOsR,BBBBBBB,NYC_DOT_LIC,4616195,Staten Island,SIE E RICHMOND AVENUE - WOOLEY AVENUE
377,55.30,71,0,2022-10-25T23:29:11.000,4616195,"40.61486,-74.15738 40.60931,-74.15012 40.60846,-74.14847 40.6079,-74.146831 40.60764,-74.14555 40.6074906,-74.14404 40.60757,-74.1409",{q{vFrzrcMta@kl@hDiInBiIr@}F\mHOsR,BBBBBBB,NYC_DOT_LIC,4616195,Staten Island,SIE E RICHMOND AVENUE - WOOLEY AVENUE
377,55.92,70,0,2022-10-25T23:24:10.000,4616195,"40.61486,-74.15738 40.60931,-74.15012 40.60846,-74.14847 40.6079,-74.146831 40.60764,-74.14555 40.6074906,-74.14404 40.60757,-74.1409",{q{vFrzrcMta@kl@hDiInBiIr@}F\mHOsR,BBBBBBB,NYC_DOT_LIC,4616195,Staten Island,SIE E RICHMOND AVENUE - WOOLEY AVENUE
377,56.54,69,0,2022-10-25T23:19:12.000,4616195,"40.61486,-74.15738 40.60931,-74.15012 40.60846,-74.14847 40.6079,-74.146831 40.60764,-74.14555 40.6074906,-74.14404 40.60757,-74.1409",{q{vFrzrcMta@kl@hDiInBiIr@}F\mHOsR,BBBBBBB,NYC_DOT_LIC,4616195,Staten Island,SIE E RICHMOND AVENUE - WOOLEY AVENUE
377,56.54,69,0,2022-10-25T23:14:09.000,4616195,"40.61486,-74.15738 40.60931,-74.15012 40.60846,-74.14847 40.6079,-74.146831 40.60764,-74.14555 40.6074906,-74.14404 40.60757,-74.1409",{q{vFrzrcMta@kl@hDiInBiIr@}F\mHOsR,BBBBBBB,NYC_DOT_LIC,4616195,Staten Island,SIE E RICHMOND AVENUE - WOOLEY AVENUE
377,55.92,70,0,2022-10-25T23:09:12.000,4616195,"40.61486,-74.15738 40.60931,-74.15012 40.60846,-74.14847 40.6079,-74.146831 40.60764,-74.14555 40.6074906,-74.14404 40.60757,-74.1409",{q{vFrzrcMta@kl@hDiInBiIr@}F\mHOsR,BBBBBBB,NYC_DOT_LIC,4616195,Staten Island,SIE E RICHMOND AVENUE - WOOLEY AVENUE
377,55.92,70,0,2022-10-25T23:04:09.000,4616195,"40.61486,-74.15738 40.60931,-74.15012 40.60846,-74.14847 40.6079,-74.146831 40.60764,-74.14555 40.6074906,-74.14404 40.60757,-74.1409",{q{vFrzrcMta@kl@hDiInBiIr@}F\mHOsR,BBBBBBB,NYC_DOT_LIC,4616195,Staten Island,SIE E RICHMOND AVENUE - WOOLEY AVENUE
377,55.30,71,0,2022-10-25T22:59:13.000,4616195,"40.61486,-74.15738 40.60931,-74.15012 40.60846,-74.14847 40.6079,-74.146831 40.60764,-74.14555 40.6074906,-74.14404 40.60757,-74.1409",{q{vFrzrcMta@kl@hDiInBiIr@}F\mHOsR,BBBBBBB,NYC_DOT_LIC,4616195,Staten Island,SIE E RICHMOND AVENUE - WOOLEY AVENUE
377,55.30,71,0,2022-10-25T22:54:08.000,4616195,"40.61486,-74.15738 40.60931,-74.15012 40.60846,-74.14847 40.6079,-74.146831 40.60764,-74.14555 40.6074906,-74.14404 40.60757,-74.1409",{q{vFrzrcMta@kl@hDiInBiIr@}F\mHOsR,BBBBBBB,NYC_DOT_LIC,4616195,Staten Island,SIE E RICHMOND AVENUE - WOOLEY AVENUE
377,55.30,70,0,2022-10-25T22:49:12.000,4616195,"40.61486,-74.15738 40.60931,-74.15012 40.60846,-74.14847 40.6079,-74.146831 40.60764,-74.14555 40.6074906,-74.14404 40.60757,-74.1409",{q{vFrzrcMta@kl@hDiInBiIr@}F\mHOsR,BBBBBBB,NYC_DOT_LIC,4616195,Staten Island,SIE E RICHMOND AVENUE - WOOLEY AVENUE
377,55.30,71,0,2022-10-25T22:44:09.000,4616195,"40.61486,-74.15738 40.60931,-74.15012 40.60846,-74.14847 40.6079,-74.146831 40.60764,-74.14555 40.6074906,-74.14404 40.60757,-74.1409",{q{vFrzrcMta@kl@hDiInBiIr@}F\mHOsR,BBBBBBB,NYC_DOT_LIC,4616195,Staten Island,SIE E RICHMOND AVENUE - WOOLEY AVENUE
377,54.68,72,0,2022-10-25T22:39:12.000,4616195,"40.61486,-74.15738 40.60931,-74.15012 40.60846,-74.14847 40.6079,-74.146831 40.60764,-74.14555 40.6074906,-74.14404 40.60757,-74.1409",{q{vFrzrcMta@kl@hDiInBiIr@}F\mHOsR,BBBBBBB,NYC_DOT_LIC,4616195,Staten Island,SIE E RICHMOND AVENUE - WOOLEY AVENUE
377,54.05,72,0,2022-10-25T22:34:08.000,4616195,"40.61486,-74.15738 40.60931,-74.15012 40.60846,-74.14847 40.6079,-74.146831 40.60764,-74.14555 40.6074906,-74.14404 40.60757,-74.1409",{q{vFrzrcMta@kl@hDiInBiIr@}F\mHOsR,BBBBBBB,NYC_DOT_LIC,4616195,Staten Island,SIE E RICHMOND AVENUE - WOOLEY AVENUE
377,55.30,71,0,2022-10-25T22:29:12.000,4616195,"40.61486,-74.15738 40.60931,-74.15012 40.60846,-74.14847 40.6079,-74.146831 40.60764,-74.14555 40.6074906,-74.14404 40.60757,-74.1409",{q{vFrzrcMta@kl@hDiInBiIr@}F\mHOsR,BBBBBBB,NYC_DOT_LIC,4616195,Staten Island,SIE E RICHMOND AVENUE - WOOLEY AVENUE
377,54.68,71,0,2022-10-25T22:24:08.000,4616195,"40.61486,-74.15738 40.60931,-74.15012 40.60846,-74.14847 40.6079,-74.146831 40.60764,-74.14555 40.6074906,-74.14404 40.60757,-74.1409",{q{vFrzrcMta@kl@hDiInBiIr@}F\mHOsR,BBBBBBB,NYC_DOT_LIC,4616195,Staten Island,SIE E RICHMOND AVENUE - WOOLEY AVENUE
377,55.30,70,0,2022-10-25T22:19:13.000,4616195,"40.61486,-74.15738 40.60931,-74.15012 40.60846,-74.14847 40.6079,-74.146831 40.60764,-74.14555 40.6074906,-74.14404 40.60757,-74.1409",{q{vFrzrcMta@kl@hDiInBiIr@}F\mHOsR,BBBBBBB,NYC_DOT_LIC,4616195,Staten Island,SIE E RICHMOND AVENUE - WOOLEY AVENUE
377,55.92,70,0,2022-10-25T22:14:09.000,4616195,"40.61486,-74.15738 40.60931,-74.15012 40.60846,-74.14847 40.6079,-74.146831 40.60764,-74.14555 40.6074906,-74.14404 40.60757,-74.1409",{q{vFrzrcMta@kl@hDiInBiIr@}F\mHOsR,BBBBBBB,NYC_DOT_LIC,4616195,Staten Island,SIE E RICHMOND AVENUE - WOOLEY AVENUE
377,54.68,71,0,2022-10-25T22:09:13.000,4616195,"40.61486,-74.15738 40.60931,-74.15012 40.60846,-74.14847 40.6079,-74.146831 40.60764,-74.14555 40.6074906,-74.14404 40.60757,-74.1409",{q{vFrzrcMta@kl@hDiInBiIr@}F\mHOsR,BBBBBBB,NYC_DOT_LIC,4616195,Staten Island,SIE E RICHMOND AVENUE - WOOLEY AVENUE
377,54.05,73,0,2022-10-25T22:04:09.000,4616195,"40.61486,-74.15738 40.60931,-74.15012 40.60846,-74.14847 40.6079,-74.146831 40.60764,-74.14555 40.6074906,-74.14404 40.60757,-74.1409",{q{vFrzrcMta@kl@hDiInBiIr@}F\mHOsR,BBBBBBB,NYC_DOT_LIC,4616195,Staten Island,SIE E RICHMOND AVENUE - WOOLEY AVENUE
377,54.05,72,0,2022-10-25T21:59:12.000,4616195,"40.61486,-74.15738 40.60931,-74.15012 40.60846,-74.14847 40.6079,-74.146831 40.60764,-74.14555 40.6074906,-74.14404 40.60757,-74.1409",{q{vFrzrcMta@kl@hDiInBiIr@}F\mHOsR,BBBBBBB,NYC_DOT_LIC,4616195,Staten Island,SIE E RICHMOND AVENUE - WOOLEY AVENUE
377,52.81,74,0,2022-10-25T21:54:09.000,4616195,"40.61486,-74.15738 40.60931,-74.15012 40.60846,-74.14847 40.6079,-74.146831 40.60764,-74.14555 40.6074906,-74.14404 40.60757,-74.1409",{q{vFrzrcMta@kl@hDiInBiIr@}F\mHOsR,BBBBBBB,NYC_DOT_LIC,4616195,Staten Island,SIE E RICHMOND AVENUE - WOOLEY AVENUE
377,53.43,73,0,2022-10-25T21:48:12.000,4616195,"40.61486,-74.15738 40.60931,-74.15012 40.60846,-74.14847 40.6079,-74.146831 40.60764,-74.14555 40.6074906,-74.14404 40.60757,-74.1409",{q{vFrzrcMta@kl@hDiInBiIr@}F\mHOsR,BBBBBBB,NYC_DOT_LIC,4616195,Staten Island,SIE E RICHMOND AVENUE - WOOLEY AVENUE
377,54.05,72,0,2022-10-25T21:43:12.000,4616195,"40.61486,-74.15738 40.60931,-74.15012 40.60846,-74.14847 40.6079,-74.146831 40.60764,-74.14555 40.6074906,-74.14404 40.60757,-74.1409",{q{vFrzrcMta@kl@hDiInBiIr@}F\mHOsR,BBBBBBB,NYC_DOT_LIC,4616195,Staten Island,SIE E RICHMOND AVENUE - WOOLEY AVENUE
377,53.43,73,0,2022-10-25T21:37:13.000,4616195,"40.61486,-74.15738 40.60931,-74.15012 40.60846,-74.14847 40.6079,-74.146831 40.60764,-74.14555 40.6074906,-74.14404 40.60757,-74.1409",{q{vFrzrcMta@kl@hDiInBiIr@}F\mHOsR,BBBBBBB,NYC_DOT_LIC,4616195,Staten Island,SIE E RICHMOND AVENUE - WOOLEY AVENUE
377,52.81,74,0,2022-10-25T21:33:13.000,4616195,"40.61486,-74.15738 40.60931,-74.15012 40.60846,-74.14847 40.6079,-74.146831 40.60764,-74.14555 40.6074906,-74.14404 40.60757,-74.1409",{q{vFrzrcMta@kl@hDiInBiIr@}F\mHOsR,BBBBBBB,NYC_DOT_LIC,4616195,Staten Island,SIE E RICHMOND AVENUE - WOOLEY AVENUE
377,54.05,73,0,2022-10-25T21:27:13.000,4616195,"40.61486,-74.15738 40.60931,-74.15012 40.60846,-74.14847 40.6079,-74.146831 40.60764,-74.14555 40.6074906,-74.14404 40.60757,-74.1409",{q{vFrzrcMta@kl@hDiInBiIr@}F\mHOsR,BBBBBBB,NYC_DOT_LIC,4616195,Staten Island,SIE E RICHMOND AVENUE - WOOLEY AVENUE
377,55.92,70,0,2022-10-25T21:21:13.000,4616195,"40.61486,-74.15738 40.60931,-74.15012 40.60846,-74.14847 40.6079,-74.146831 40.60764,-74.14555 40.6074906,-74.14404 40.60757,-74.1409",{q{vFrzrcMta@kl@hDiInBiIr@}F\mHOsR,BBBBBBB,NYC_DOT_LIC,4616195,Staten Island,SIE E RICHMOND AVENUE - WOOLEY AVENUE
377,55.30,71,0,2022-10-25T21:16:13.000,4616195,"40.61486,-74.15738 40.60931,-74.15012 40.60846,-74.14847 40.6079,-74.146831 40.60764,-74.14555 40.6074906,-74.14404 40.60757,-74.1409",{q{vFrzrcMta@kl@hDiInBiIr@}F\mHOsR,BBBBBBB,NYC_DOT_LIC,4616195,Staten Island,SIE E RICHMOND AVENUE - WOOLEY AVENUE
377,54.68,72,0,2022-10-25T21:13:12.000,4616195,"40.61486,-74.15738 40.60931,-74.15012 40.60846,-74.14847 40.6079,-74.146831 40.60764,-74.14555 40.6074906,-74.14404 40.60757,-74.1409",{q{vFrzrcMta@kl@hDiInBiIr@}F\mHOsR,BBBBBBB,NYC_DOT_LIC,4616195,Staten Island,SIE E RICHMOND AVENUE - WOOLEY AVENUE
377,54.05,72,0,2022-10-25T21:07:13.000,4616195,"40.61486,-74.15738 40.60931,-74.15012 40.60846,-74.14847 40.6079,-74.146831 40.60764,-74.14555 40.6074906,-74.14404 40.60757,-74.1409",{q{vFrzrcMta@kl@hDiInBiIr@}F\mHOsR,BBBBBBB,NYC_DOT_LIC,4616195,Staten Island,SIE E RICHMOND AVENUE - WOOLEY AVENUE
377,52.81,74,0,2022-10-25T21:02:12.000,4616195,"40.61486,-74.15738 40.60931,-74.15012 40.60846,-74.14847 40.6079,-74.146831 40.60764,-74.14555 40.6074906,-74.14404 40.60757,-74.1409",{q{vFrzrcMta@kl@hDiInBiIr@}F\mHOsR,BBBBBBB,NYC_DOT_LIC,4616195,Staten Island,SIE E RICHMOND AVENUE - WOOLEY AVENUE
377,49.08,79,0,2022-10-25T20:59:13.000,4616195,"40.61486,-74.15738 40.60931,-74.15012 40.60846,-74.14847 40.6079,-74.146831 40.60764,-74.14555 40.6074906,-74.14404 40.60757,-74.1409",{q{vFrzrcMta@kl@hDiInBiIr@}F\mHOsR,BBBBBBB,NYC_DOT_LIC,4616195,Staten Island,SIE E RICHMOND AVENUE - WOOLEY AVENUE
377,51.57,75,0,2022-10-25T20:54:08.000,4616195,"40.61486,-74.15738 40.60931,-74.15012 40.60846,-74.14847 40.6079,-74.146831 40.60764,-74.14555 40.6074906,-74.14404 40.60757,-74.1409",{q{vFrzrcMta@kl@hDiInBiIr@}F\mHOsR,BBBBBBB,NYC_DOT_LIC,4616195,Staten Island,SIE E RICHMOND AVENUE - WOOLEY AVENUE
377,52.19,75,0,2022-10-25T20:49:13.000,4616195,"40.61486,-74.15738 40.60931,-74.15012 40.60846,-74.14847 40.6079,-74.146831 40.60764,-74.14555 40.6074906,-74.14404 40.60757,-74.1409",{q{vFrzrcMta@kl@hDiInBiIr@}F\mHOsR,BBBBBBB,NYC_DOT_LIC,4616195,Staten Island,SIE E RICHMOND AVENUE - WOOLEY AVENUE
377,52.19,75,0,2022-10-25T20:44:10.000,4616195,"40.61486,-74.15738 40.60931,-74.15012 40.60846,-74.14847 40.6079,-74.146831 40.60764,-74.14555 40.6074906,-74.14404 40.60757,-74.1409",{q{vFrzrcMta@kl@hDiInBiIr@}F\mHOsR,BBBBBBB,NYC_DOT_LIC,4616195,Staten Island,SIE E RICHMOND AVENUE - WOOLEY AVENUE
377,51.57,76,0,2022-10-25T20:39:13.000,4616195,"40.61486,-74.15738 40.60931,-74.15012 40.60846,-74.14847 40.6079,-74.146831 40.60764,-74.14555 40.6074906,-74.14404 40.60757,-74.1409",{q{vFrzrcMta@kl@hDiInBiIr@}F\mHOsR,BBBBBBB,NYC_DOT_LIC,4616195,Staten Island,SIE E RICHMOND AVENUE - WOOLEY AVENUE
377,50.33,78,0,2022-10-25T20:34:09.000,4616195,"40.61486,-74.15738 40.60931,-74.15012 40.60846,-74.14847 40.6079,-74.146831 40.60764,-74.14555 40.6074906,-74.14404 40.60757,-74.1409",{q{vFrzrcMta@kl@hDiInBiIr@}F\mHOsR,BBBBBBB,NYC_DOT_LIC,4616195,Staten Island,SIE E RICHMOND AVENUE - WOOLEY AVENUE
377,51.57,76,0,2022-10-25T20:28:13.000,4616195,"40.61486,-74.15738 40.60931,-74.15012 40.60846,-74.14847 40.6079,-74.146831 40.60764,-74.14555 40.6074906,-74.14404 40.60757,-74.1409",{q{vFrzrcMta@kl@hDiInBiIr@}F\mHOsR,BBBBBBB,NYC_DOT_LIC,4616195,Staten Island,SIE E RICHMOND AVENUE - WOOLEY AVENUE
377,50.95,77,0,2022-10-25T20:24:10.000,4616195,"40.61486,-74.15738 40.60931,-74.15012 40.60846,-74.14847 40.6079,-74.146831 40.60764,-74.14555 40.6074906,-74.14404 40.60757,-74.1409",{q{vFrzrcMta@kl@hDiInBiIr@}F\mHOsR,BBBBBBB,NYC_DOT_LIC,4616195,Staten Island,SIE E RICHMOND AVENUE - WOOLEY AVENUE
377,51.57,75,0,2022-10-25T20:19:14.000,4616195,"40.61486,-74.15738 40.60931,-74.15012 40.60846,-74.14847 40.6079,-74.146831 40.60764,-74.14555 40.6074906,-74.14404 40.60757,-74.1409",{q{vFrzrcMta@kl@hDiInBiIr@}F\mHOsR,BBBBBBB,NYC_DOT_LIC,4616195,Staten Island,SIE E RICHMOND AVENUE - WOOLEY AVENUE
377,51.57,76,0,2022-10-25T20:14:11.000,4616195,"40.61486,-74.15738 40.60931,-74.15012 40.60846,-74.14847 40.6079,-74.146831 40.60764,-74.14555 40.6074906,-74.14404 40.60757,-74.1409",{q{vFrzrcMta@kl@hDiInBiIr@}F\mHOsR,BBBBBBB,NYC_DOT_LIC,4616195,Staten Island,SIE E RICHMOND AVENUE - WOOLEY AVENUE
377,52.19,75,0,2022-10-25T20:09:14.000,4616195,"40.61486,-74.15738 40.60931,-74.15012 40.60846,-74.14847 40.6079,-74.146831 40.60764,-74.14555 40.6074906,-74.14404 40.60757,-74.1409",{q{vFrzrcMta@kl@hDiInBiIr@}F\mHOsR,BBBBBBB,NYC_DOT_LIC,4616195,Staten Island,SIE E RICHMOND AVENUE - WOOLEY AVENUE
377,50.33,78,0,2022-10-25T20:04:10.000,4616195,"40.61486,-74.15738 40.60931,-74.15012 40.60846,-74.14847 40.6079,-74.146831 40.60764,-74.14555 40.6074906,-74.14404 40.60757,-74.1409",{q{vFrzrcMta@kl@hDiInBiIr@}F\mHOsR,BBBBBBB,NYC_DOT_LIC,4616195,Staten Island,SIE E RICHMOND AVENUE - WOOLEY AVENUE
377,48.46,81,0,2022-10-25T19:59:14.000,4616195,"40.61486,-74.15738 40.60931,-74.15012 40.60846,-74.14847 40.6079,-74.146831 40.60764,-74.14555 40.6074906,-74.14404 40.60757,-74.1409",{q{vFrzrcMta@kl@hDiInBiIr@}F\mHOsR,BBBBBBB,NYC_DOT_LIC,4616195,Staten Island,SIE E RICHMOND AVENUE - WOOLEY AVENUE
377,50.33,78,0,2022-10-25T19:54:11.000,4616195,"40.61486,-74.15738 40.60931,-74.15012 40.60846,-74.14847 40.6079,-74.146831 40.60764,-74.14555 40.6074906,-74.14404 40.60757,-74.1409",{q{vFrzrcMta@kl@hDiInBiIr@}F\mHOsR,BBBBBBB,NYC_DOT_LIC,4616195,Staten Island,SIE E RICHMOND AVENUE - WOOLEY AVENUE
377,50.95,77,0,2022-10-25T19:48:13.000,4616195,"40.61486,-74.15738 40.60931,-74.15012 40.60846,-74.14847 40.6079,-74.146831 40.60764,-74.14555 40.6074906,-74.14404 40.60757,-74.1409",{q{vFrzrcMta@kl@hDiInBiIr@}F\mHOsR,BBBBBBB,NYC_DOT_LIC,4616195,Staten Island,SIE E RICHMOND AVENUE - WOOLEY AVENUE
377,50.95,77,0,2022-10-25T19:44:09.000,4616195,"40.61486,-74.15738 40.60931,-74.15012 40.60846,-74.14847 40.6079,-74.146831 40.60764,-74.14555 40.6074906,-74.14404 40.60757,-74.1409",{q{vFrzrcMta@kl@hDiInBiIr@}F\mHOsR,BBBBBBB,NYC_DOT_LIC,4616195,Staten Island,SIE E RICHMOND AVENUE - WOOLEY AVENUE
377,49.08,80,0,2022-10-25T19:38:13.000,4616195,"40.61486,-74.15738 40.60931,-74.15012 40.60846,-74.14847 40.6079,-74.146831 40.60764,-74.14555 40.6074906,-74.14404 40.60757,-74.1409",{q{vFrzrcMta@kl@hDiInBiIr@}F\mHOsR,BBBBBBB,NYC_DOT_LIC,4616195,Staten Island,SIE E RICHMOND AVENUE - WOOLEY AVENUE
377,37.90,103,0,2022-10-25T19:34:10.000,4616195,"40.61486,-74.15738 40.60931,-74.15012 40.60846,-74.14847 40.6079,-74.146831 40.60764,-74.14555 40.6074906,-74.14404 40.60757,-74.1409",{q{vFrzrcMta@kl@hDiInBiIr@}F\mHOsR,BBBBBBB,NYC_DOT_LIC,4616195,Staten Island,SIE E RICHMOND AVENUE - WOOLEY AVENUE
377,29.82,131,0,2022-10-25T19:28:13.000,4616195,"40.61486,-74.15738 40.60931,-74.15012 40.60846,-74.14847 40.6079,-74.146831 40.60764,-74.14555 40.6074906,-74.14404 40.60757,-74.1409",{q{vFrzrcMta@kl@hDiInBiIr@}F\mHOsR,BBBBBBB,NYC_DOT_LIC,4616195,Staten Island,SIE E RICHMOND AVENUE - WOOLEY AVENUE
377,34.79,111,0,2022-10-25T19:24:10.000,4616195,"40.61486,-74.15738 40.60931,-74.15012 40.60846,-74.14847 40.6079,-74.146831 40.60764,-74.14555 40.6074906,-74.14404 40.60757,-74.1409",{q{vFrzrcMta@kl@hDiInBiIr@}F\mHOsR,BBBBBBB,NYC_DOT_LIC,4616195,Staten Island,SIE E RICHMOND AVENUE - WOOLEY AVENUE
377,32.31,121,0,2022-10-25T19:19:13.000,4616195,"40.61486,-74.15738 40.60931,-74.15012 40.60846,-74.14847 40.6079,-74.146831 40.60764,-74.14555 40.6074906,-74.14404 40.60757,-74.1409",{q{vFrzrcMta@kl@hDiInBiIr@}F\mHOsR,BBBBBBB,NYC_DOT_LIC,4616195,Staten Island,SIE E RICHMOND AVENUE - WOOLEY AVENUE
377,33.55,117,0,2022-10-25T19:14:10.000,4616195,"40.61486,-74.15738 40.60931,-74.15012 40.60846,-74.14847 40.6079,-74.146831 40.60764,-74.14555 40.6074906,-74.14404 40.60757,-74.1409",{q{vFrzrcMta@kl@hDiInBiIr@}F\mHOsR,BBBBBBB,NYC_DOT_LIC,4616195,Staten Island,SIE E RICHMOND AVENUE - WOOLEY AVENUE
377,32.93,118,0,2022-10-25T19:09:14.000,4616195,"40.61486,-74.15738 40.60931,-74.15012 40.60846,-74.14847 40.6079,-74.146831 40.60764,-74.14555 40.6074906,-74.14404 40.60757,-74.1409",{q{vFrzrcMta@kl@hDiInBiIr@}F\mHOsR,BBBBBBB,NYC_DOT_LIC,4616195,Staten Island,SIE E RICHMOND AVENUE - WOOLEY AVENUE
377,32.93,118,0,2022-10-25T19:04:09.000,4616195,"40.61486,-74.15738 40.60931,-74.15012 40.60846,-74.14847 40.6079,-74.146831 40.60764,-74.14555 40.6074906,-74.14404 40.60757,-74.1409",{q{vFrzrcMta@kl@hDiInBiIr@}F\mHOsR,BBBBBBB,NYC_DOT_LIC,4616195,Staten Island,SIE E RICHMOND AVENUE - WOOLEY AVENUE
377,31.06,126,0,2022-10-25T18:58:13.000,4616195,"40.61486,-74.15738 40.60931,-74.15012 40.60846,-74.14847 40.6079,-74.146831 40.60764,-74.14555 40.6074906,-74.14404 40.60757,-74.1409",{q{vFrzrcMta@kl@hDiInBiIr@}F\mHOsR,BBBBBBB,NYC_DOT_LIC,4616195,Staten Island,SIE E RICHMOND AVENUE - WOOLEY AVENUE
377,27.96,140,0,2022-10-25T18:53:12.000,4616195,"40.61486,-74.15738 40.60931,-74.15012 40.60846,-74.14847 40.6079,-74.146831 40.60764,-74.14555 40.6074906,-74.14404 40.60757,-74.1409",{q{vFrzrcMta@kl@hDiInBiIr@}F\mHOsR,BBBBBBB,NYC_DOT_LIC,4616195,Staten Island,SIE E RICHMOND AVENUE - WOOLEY AVENUE
377,26.71,147,0,2022-10-25T18:48:13.000,4616195,"40.61486,-74.15738 40.60931,-74.15012 40.60846,-74.14847 40.6079,-74.146831 40.60764,-74.14555 40.6074906,-74.14404 40.60757,-74.1409",{q{vFrzrcMta@kl@hDiInBiIr@}F\mHOsR,BBBBBBB,NYC_DOT_LIC,4616195,Staten Island,SIE E RICHMOND AVENUE - WOOLEY AVENUE
377,29.82,131,0,2022-10-25T18:43:12.000,4616195,"40.61486,-74.15738 40.60931,-74.15012 40.60846,-74.14847 40.6079,-74.146831 40.60764,-74.14555 40.6074906,-74.14404 40.60757,-74.1409",{q{vFrzrcMta@kl@hDiInBiIr@}F\mHOsR,BBBBBBB,NYC_DOT_LIC,4616195,Staten Island,SIE E RICHMOND AVENUE - WOOLEY AVENUE
377,32.93,119,0,2022-10-25T18:38:12.000,4616195,"40.61486,-74.15738 40.60931,-74.15012 40.60846,-74.14847 40.6079,-74.146831 40.60764,-74.14555 40.6074906,-74.14404 40.60757,-74.1409",{q{vFrzrcMta@kl@hDiInBiIr@}F\mHOsR,BBBBBBB,NYC_DOT_LIC,4616195,Staten Island,SIE E RICHMOND AVENUE - WOOLEY AVENUE
377,32.31,120,0,2022-10-25T18:33:11.000,4616195,"40.61486,-74.15738 40.60931,-74.15012 40.60846,-74.14847 40.6079,-74.146831 40.60764,-74.14555 40.6074906,-74.14404 40.60757,-74.1409",{q{vFrzrcMta@kl@hDiInBiIr@}F\mHOsR,BBBBBBB,NYC_DOT_LIC,4616195,Staten Island,SIE E RICHMOND AVENUE - WOOLEY AVENUE
377,29.82,131,0,2022-10-25T18:28:13.000,4616195,"40.61486,-74.15738 40.60931,-74.15012 40.60846,-74.14847 40.6079,-74.146831 40.60764,-74.14555 40.6074906,-74.14404 40.60757,-74.1409",{q{vFrzrcMta@kl@hDiInBiIr@}F\mHOsR,BBBBBBB,NYC_DOT_LIC,4616195,Staten Island,SIE E RICHMOND AVENUE - WOOLEY AVENUE
377,26.09,149,0,2022-10-25T18:23:12.000,4616195,"40.61486,-74.15738 40.60931,-74.15012 40.60846,-74.14847 40.6079,-74.146831 40.60764,-74.14555 40.6074906,-74.14404 40.60757,-74.1409",{q{vFrzrcMta@kl@hDiInBiIr@}F\mHOsR,BBBBBBB,NYC_DOT_LIC,4616195,Staten Island,SIE E RICHMOND AVENUE - WOOLEY AVENUE
377,26.71,147,0,2022-10-25T18:18:14.000,4616195,"40.61486,-74.15738 40.60931,-74.15012 40.60846,-74.14847 40.6079,-74.146831 40.60764,-74.14555 40.6074906,-74.14404 40.60757,-74.1409",{q{vFrzrcMta@kl@hDiInBiIr@}F\mHOsR,BBBBBBB,NYC_DOT_LIC,4616195,Staten Island,SIE E RICHMOND AVENUE - WOOLEY AVENUE
377,31.68,124,0,2022-10-25T18:13:11.000,4616195,"40.61486,-74.15738 40.60931,-74.15012 40.60846,-74.14847 40.6079,-74.146831 40.60764,-74.14555 40.6074906,-74.14404 40.60757,-74.1409",{q{vFrzrcMta@kl@hDiInBiIr@}F\mHOsR,BBBBBBB,NYC_DOT_LIC,4616195,Staten Island,SIE E RICHMOND AVENUE - WOOLEY AVENUE
377,30.44,129,0,2022-10-25T18:08:13.000,4616195,"40.61486,-74.15738 40.60931,-74.15012 40.60846,-74.14847 40.6079,-74.146831 40.60764,-74.14555 40.6074906,-74.14404 40.60757,-74.1409",{q{vFrzrcMta@kl@hDiInBiIr@}F\mHOsR,BBBBBBB,NYC_DOT_LIC,4616195,Staten Island,SIE E RICHMOND AVENUE - WOOLEY AVENUE
377,26.09,149,0,2022-10-25T18:03:13.000,4616195,"40.61486,-74.15738 40.60931,-74.15012 40.60846,-74.14847 40.6079,-74.146831 40.60764,-74.14555 40.6074906,-74.14404 40.60757,-74.1409",{q{vFrzrcMta@kl@hDiInBiIr@}F\mHOsR,BBBBBBB,NYC_DOT_LIC,4616195,Staten Island,SIE E RICHMOND AVENUE - WOOLEY AVENUE
377,22.36,174,0,2022-10-25T17:58:12.000,4616195,"40.61486,-74.15738 40.60931,-74.15012 40.60846,-74.14847 40.6079,-74.146831 40.60764,-74.14555 40.6074906,-74.14404 40.60757,-74.1409",{q{vFrzrcMta@kl@hDiInBiIr@}F\mHOsR,BBBBBBB,NYC_DOT_LIC,4616195,Staten Island,SIE E RICHMOND AVENUE - WOOLEY AVENUE
377,27.96,139,0,2022-10-25T17:53:12.000,4616195,"40.61486,-74.15738 40.60931,-74.15012 40.60846,-74.14847 40.6079,-74.146831 40.60764,-74.14555 40.6074906,-74.14404 40.60757,-74.1409",{q{vFrzrcMta@kl@hDiInBiIr@}F\mHOsR,BBBBBBB,NYC_DOT_LIC,4616195,Staten Island,SIE E RICHMOND AVENUE - WOOLEY AVENUE
377,27.34,142,0,2022-10-25T17:48:13.000,4616195,"40.61486,-74.15738 40.60931,-74.15012 40.60846,-74.14847 40.6079,-74.146831 40.60764,-74.14555 40.6074906,-74.14404 40.60757,-74.1409",{q{vFrzrcMta@kl@hDiInBiIr@}F\mHOsR,BBBBBBB,NYC_DOT_LIC,4616195,Staten Island,SIE E RICHMOND AVENUE - WOOLEY AVENUE
377,27.96,140,0,2022-10-25T17:43:13.000,4616195,"40.61486,-74.15738 40.60931,-74.15012 40.60846,-74.14847 40.6079,-74.146831 40.60764,-74.14555 40.6074906,-74.14404 40.60757,-74.1409",{q{vFrzrcMta@kl@hDiInBiIr@}F\mHOsR,BBBBBBB,NYC_DOT_LIC,4616195,Staten Island,SIE E RICHMOND AVENUE - WOOLEY AVENUE
377,32.31,121,0,2022-10-25T17:38:12.000,4616195,"40.61486,-74.15738 40.60931,-74.15012 40.60846,-74.14847 40.6079,-74.146831 40.60764,-74.14555 40.6074906,-74.14404 40.60757,-74.1409",{q{vFrzrcMta@kl@hDiInBiIr@}F\mHOsR,BBBBBBB,NYC_DOT_LIC,4616195,Staten Island,SIE E RICHMOND AVENUE - WOOLEY AVENUE
377,34.17,114,0,2022-10-25T17:33:13.000,4616195,"40.61486,-74.15738 40.60931,-74.15012 40.60846,-74.14847 40.6079,-74.146831 40.60764,-74.14555 40.6074906,-74.14404 40.60757,-74.1409",{q{vFrzrcMta@kl@hDiInBiIr@}F\mHOsR,BBBBBBB,NYC_DOT_LIC,4616195,Staten Island,SIE E RICHMOND AVENUE - WOOLEY AVENUE
377,32.93,119,0,2022-10-25T17:28:13.000,4616195,"40.61486,-74.15738 40.60931,-74.15012 40.60846,-74.14847 40.6079,-74.146831 40.60764,-74.14555 40.6074906,-74.14404 40.60757,-74.1409",{q{vFrzrcMta@kl@hDiInBiIr@}F\mHOsR,BBBBBBB,NYC_DOT_LIC,4616195,Staten Island,SIE E RICHMOND AVENUE - WOOLEY AVENUE
377,34.79,112,0,2022-10-25T17:23:11.000,4616195,"40.61486,-74.15738 40.60931,-74.15012 40.60846,-74.14847 40.6079,-74.146831 40.60764,-74.14555 40.6074906,-74.14404 40.60757,-74.1409",{q{vFrzrcMta@kl@hDiInBiIr@}F\mHOsR,BBBBBBB,NYC_DOT_LIC,4616195,Staten Island,SIE E RICHMOND AVENUE - WOOLEY AVENUE
377,42.87,91,0,2022-10-25T17:18:12.000,4616195,"40.61486,-74.15738 40.60931,-74.15012 40.60846,-74.14847 40.6079,-74.146831 40.60764,-74.14555 40.6074906,-74.14404 40.60757,-74.1409",{q{vFrzrcMta@kl@hDiInBiIr@}F\mHOsR,BBBBBBB,NYC_DOT_LIC,4616195,Staten Island,SIE E RICHMOND AVENUE - WOOLEY AVENUE
377,47.84,82,0,2022-10-25T17:13:12.000,4616195,"40.61486,-74.15738 40.60931,-74.15012 40.60846,-74.14847 40.6079,-74.146831 40.60764,-74.14555 40.6074906,-74.14404 40.60757,-74.1409",{q{vFrzrcMta@kl@hDiInBiIr@}F\mHOsR,BBBBBBB,NYC_DOT_LIC,4616195,Staten Island,SIE E RICHMOND AVENUE - WOOLEY AVENUE
377,41.01,95,0,2022-10-25T17:08:14.000,4616195,"40.61486,-74.15738 40.60931,-74.15012 40.60846,-74.14847 40.6079,-74.146831 40.60764,-74.14555 40.6074906,-74.14404 40.60757,-74.1409",{q{vFrzrcMta@kl@hDiInBiIr@}F\mHOsR,BBBBBBB,NYC_DOT_LIC,4616195,Staten Island,SIE E RICHMOND AVENUE - WOOLEY AVENUE
377,42.87,91,0,2022-10-25T17:03:12.000,4616195,"40.61486,-74.15738 40.60931,-74.15012 40.60846,-74.14847 40.6079,-74.146831 40.60764,-74.14555 40.6074906,-74.14404 40.60757,-74.1409",{q{vFrzrcMta@kl@hDiInBiIr@}F\mHOsR,BBBBBBB,NYC_DOT_LIC,4616195,Staten Island,SIE E RICHMOND AVENUE - WOOLEY AVENUE
377,48.46,81,0,2022-10-25T16:58:13.000,4616195,"40.61486,-74.15738 40.60931,-74.15012 40.60846,-74.14847 40.6079,-74.146831 40.60764,-74.14555 40.6074906,-74.14404 40.60757,-74.1409",{q{vFrzrcMta@kl@hDiInBiIr@}F\mHOsR,BBBBBBB,NYC_DOT_LIC,4616195,Staten Island,SIE E RICHMOND AVENUE - WOOLEY AVENUE
377,50.33,78,0,2022-10-25T16:53:13.000,4616195,"40.61486,-74.15738 40.60931,-74.15012 40.60846,-74.14847 40.6079,-74.146831 40.60764,-74.14555 40.6074906,-74.14404 40.60757,-74.1409",{q{vFrzrcMta@kl@hDiInBiIr@}F\mHOsR,BBBBBBB,NYC_DOT_LIC,4616195,Staten Island,SIE E RICHMOND AVENUE - WOOLEY AVENUE
377,47.22,83,0,2022-10-25T16:48:12.000,4616195,"40.61486,-74.15738 40.60931,-74.15012 40.60846,-74.14847 40.6079,-74.146831 40.60764,-74.14555 40.6074906,-74.14404 40.60757,-74.1409",{q{vFrzrcMta@kl@hDiInBiIr@}F\mHOsR,BBBBBBB,NYC_DOT_LIC,4616195,Staten Island,SIE E RICHMOND AVENUE - WOOLEY AVENUE
377,48.46,81,0,2022-10-25T16:43:11.000,4616195,"40.61486,-74.15738 40.60931,-74.15012 40.60846,-74.14847 40.6079,-74.146831 40.60764,-74.14555 40.6074906,-74.14404 40.60757,-74.1409",{q{vFrzrcMta@kl@hDiInBiIr@}F\mHOsR,BBBBBBB,NYC_DOT_LIC,4616195,Staten Island,SIE E RICHMOND AVENUE - WOOLEY AVENUE
377,47.84,81,0,2022-10-25T16:38:12.000,4616195,"40.61486,-74.15738 40.60931,-74.15012 40.60846,-74.14847 40.6079,-74.146831 40.60764,-74.14555 40.6074906,-74.14404 40.60757,-74.1409",{q{vFrzrcMta@kl@hDiInBiIr@}F\mHOsR,BBBBBBB,NYC_DOT_LIC,4616195,Staten Island,SIE E RICHMOND AVENUE - WOOLEY AVENUE
377,49.08,79,0,2022-10-25T16:33:13.000,4616195,"40.61486,-74.15738 40.60931,-74.15012 40.60846,-74.14847 40.6079,-74.146831 40.60764,-74.14555 40.6074906,-74.14404 40.60757,-74.1409",{q{vFrzrcMta@kl@hDiInBiIr@}F\mHOsR,BBBBBBB,NYC_DOT_LIC,4616195,Staten Island,SIE E RICHMOND AVENUE - WOOLEY AVENUE
377,49.08,80,0,2022-10-25T16:28:12.000,4616195,"40.61486,-74.15738 40.60931,-74.15012 40.60846,-74.14847 40.6079,-74.146831 40.60764,-74.14555 40.6074906,-74.14404 40.60757,-74.1409",{q{vFrzrcMta@kl@hDiInBiIr@}F\mHOsR,BBBBBBB,NYC_DOT_LIC,4616195,Staten Island,SIE E RICHMOND AVENUE - WOOLEY AVENUE
377,49.08,79,0,2022-10-25T16:23:12.000,4616195,"40.61486,-74.15738 40.60931,-74.15012 40.60846,-74.14847 40.6079,-74.146831 40.60764,-74.14555 40.6074906,-74.14404 40.60757,-74.1409",{q{vFrzrcMta@kl@hDiInBiIr@}F\mHOsR,BBBBBBB,NYC_DOT_LIC,4616195,Staten Island,SIE E RICHMOND AVENUE - WOOLEY AVENUE
377,39.76,98,0,2022-10-25T16:18:13.000,4616195,"40.61486,-74.15738 40.60931,-74.15012 40.60846,-74.14847 40.6079,-74.146831 40.60764,-74.14555 40.6074906,-74.14404 40.60757,-74.1409",{q{vFrzrcMta@kl@hDiInBiIr@}F\mHOsR,BBBBBBB,NYC_DOT_LIC,4616195,Staten Island,SIE E RICHMOND AVENUE - WOOLEY AVENUE
377,49.70,79,0,2022-10-25T16:13:13.000,4616195,"40.61486,-74.15738 40.60931,-74.15012 40.60846,-74.14847 40.6079,-74.146831 40.60764,-74.14555 40.6074906,-74.14404 40.60757,-74.1409",{q{vFrzrcMta@kl@hDiInBiIr@}F\mHOsR,BBBBBBB,NYC_DOT_LIC,4616195,Staten Island,SIE E RICHMOND AVENUE - WOOLEY AVENUE
377,46.60,84,0,2022-10-25T16:08:12.000,4616195,"40.61486,-74.15738 40.60931,-74.15012 40.60846,-74.14847 40.6079,-74.146831 40.60764,-74.14555 40.6074906,-74.14404 40.60757,-74.1409",{q{vFrzrcMta@kl@hDiInBiIr@}F\mHOsR,BBBBBBB,NYC_DOT_LIC,4616195,Staten Island,SIE E RICHMOND AVENUE - WOOLEY AVENUE
377,47.22,83,0,2022-10-25T16:03:09.000,4616195,"40.61486,-74.15738 40.60931,-74.15012 40.60846,-74.14847 40.6079,-74.146831 40.60764,-74.14555 40.6074906,-74.14404 40.60757,-74.1409",{q{vFrzrcMta@kl@hDiInBiIr@}F\mHOsR,BBBBBBB,NYC_DOT_LIC,4616195,Staten Island,SIE E RICHMOND AVENUE - WOOLEY AVENUE
377,41.63,94,0,2022-10-25T15:58:12.000,4616195,"40.61486,-74.15738 40.60931,-74.15012 40.60846,-74.14847 40.6079,-74.146831 40.60764,-74.14555 40.6074906,-74.14404 40.60757,-74.1409",{q{vFrzrcMta@kl@hDiInBiIr@}F\mHOsR,BBBBBBB,NYC_DOT_LIC,4616195,Staten Island,SIE E RICHMOND AVENUE - WOOLEY AVENUE
377,36.66,106,0,2022-10-25T15:53:11.000,4616195,"40.61486,-74.15738 40.60931,-74.15012 40.60846,-74.14847 40.6079,-74.146831 40.60764,-74.14555 40.6074906,-74.14404 40.60757,-74.1409",{q{vFrzrcMta@kl@hDiInBiIr@}F\mHOsR,BBBBBBB,NYC_DOT_LIC,4616195,Staten Island,SIE E RICHMOND AVENUE - WOOLEY AVENUE
377,37.90,104,0,2022-10-25T15:48:12.000,4616195,"40.61486,-74.15738 40.60931,-74.15012 40.60846,-74.14847 40.6079,-74.146831 40.60764,-74.14555 40.6074906,-74.14404 40.60757,-74.1409",{q{vFrzrcMta@kl@hDiInBiIr@}F\mHOsR,BBBBBBB,NYC_DOT_LIC,4616195,Staten Island,SIE E RICHMOND AVENUE - WOOLEY AVENUE
377,47.84,81,0,2022-10-25T15:43:13.000,4616195,"40.61486,-74.15738 40.60931,-74.15012 40.60846,-74.14847 40.6079,-74.146831 40.60764,-74.14555 40.6074906,-74.14404 40.60757,-74.1409",{q{vFrzrcMta@kl@hDiInBiIr@}F\mHOsR,BBBBBBB,NYC_DOT_LIC,4616195,Staten Island,SIE E RICHMOND AVENUE - WOOLEY AVENUE
377,49.70,78,0,2022-10-25T15:38:13.000,4616195,"40.61486,-74.15738 40.60931,-74.15012 40.60846,-74.14847 40.6079,-74.146831 40.60764,-74.14555 40.6074906,-74.14404 40.60757,-74.1409",{q{vFrzrcMta@kl@hDiInBiIr@}F\mHOsR,BBBBBBB,NYC_DOT_LIC,4616195,Staten Island,SIE E RICHMOND AVENUE - WOOLEY AVENUE
377,45.98,85,0,2022-10-25T15:33:09.000,4616195,"40.61486,-74.15738 40.60931,-74.15012 40.60846,-74.14847 40.6079,-74.146831 40.60764,-74.14555 40.6074906,-74.14404 40.60757,-74.1409",{q{vFrzrcMta@kl@hDiInBiIr@}F\mHOsR,BBBBBBB,NYC_DOT_LIC,4616195,Staten Island,SIE E RICHMOND AVENUE - WOOLEY AVENUE
377,51.57,76,0,2022-10-25T15:28:12.000,4616195,"40.61486,-74.15738 40.60931,-74.15012 40.60846,-74.14847 40.6079,-74.146831 40.60764,-74.14555 40.6074906,-74.14404 40.60757,-74.1409",{q{vFrzrcMta@kl@hDiInBiIr@}F\mHOsR,BBBBBBB,NYC_DOT_LIC,4616195,Staten Island,SIE E RICHMOND AVENUE - WOOLEY AVENUE
377,47.84,82,0,2022-10-25T15:23:10.000,4616195,"40.61486,-74.15738 40.60931,-74.15012 40.60846,-74.14847 40.6079,-74.146831 40.60764,-74.14555 40.6074906,-74.14404 40.60757,-74.1409",{q{vFrzrcMta@kl@hDiInBiIr@}F\mHOsR,BBBBBBB,NYC_DOT_LIC,4616195,Staten Island,SIE E RICHMOND AVENUE - WOOLEY AVENUE
377,51.57,76,0,2022-10-25T15:18:12.000,4616195,"40.61486,-74.15738 40.60931,-74.15012 40.60846,-74.14847 40.6079,-74.146831 40.60764,-74.14555 40.6074906,-74.14404 40.60757,-74.1409",{q{vFrzrcMta@kl@hDiInBiIr@}F\mHOsR,BBBBBBB,NYC_DOT_LIC,4616195,Staten Island,SIE E RICHMOND AVENUE - WOOLEY AVENUE
377,49.08,80,0,2022-10-25T15:13:10.000,4616195,"40.61486,-74.15738 40.60931,-74.15012 40.60846,-74.14847 40.6079,-74.146831 40.60764,-74.14555 40.6074906,-74.14404 40.60757,-74.1409",{q{vFrzrcMta@kl@hDiInBiIr@}F\mHOsR,BBBBBBB,NYC_DOT_LIC,4616195,Staten Island,SIE E RICHMOND AVENUE - WOOLEY AVENUE
377,51.57,76,0,2022-10-25T15:08:12.000,4616195,"40.61486,-74.15738 40.60931,-74.15012 40.60846,-74.14847 40.6079,-74.146831 40.60764,-74.14555 40.6074906,-74.14404 40.60757,-74.1409",{q{vFrzrcMta@kl@hDiInBiIr@}F\mHOsR,BBBBBBB,NYC_DOT_LIC,4616195,Staten Island,SIE E RICHMOND AVENUE - WOOLEY AVENUE
377,46.60,84,0,2022-10-25T15:03:13.000,4616195,"40.61486,-74.15738 40.60931,-74.15012 40.60846,-74.14847 40.6079,-74.146831 40.60764,-74.14555 40.6074906,-74.14404 40.60757,-74.1409",{q{vFrzrcMta@kl@hDiInBiIr@}F\mHOsR,BBBBBBB,NYC_DOT_LIC,4616195,Staten Island,SIE E RICHMOND AVENUE - WOOLEY AVENUE
377,38.52,101,0,2022-10-25T14:58:12.000,4616195,"40.61486,-74.15738 40.60931,-74.15012 40.60846,-74.14847 40.6079,-74.146831 40.60764,-74.14555 40.6074906,-74.14404 40.60757,-74.1409",{q{vFrzrcMta@kl@hDiInBiIr@}F\mHOsR,BBBBBBB,NYC_DOT_LIC,4616195,Staten Island,SIE E RICHMOND AVENUE - WOOLEY AVENUE
377,38.52,102,0,2022-10-25T14:53:09.000,4616195,"40.61486,-74.15738 40.60931,-74.15012 40.60846,-74.14847 40.6079,-74.146831 40.60764,-74.14555 40.6074906,-74.14404 40.60757,-74.1409",{q{vFrzrcMta@kl@hDiInBiIr@}F\mHOsR,BBBBBBB,NYC_DOT_LIC,4616195,Staten Island,SIE E RICHMOND AVENUE - WOOLEY AVENUE
377,45.36,87,0,2022-10-25T14:48:12.000,4616195,"40.61486,-74.15738 40.60931,-74.15012 40.60846,-74.14847 40.6079,-74.146831 40.60764,-74.14555 40.6074906,-74.14404 40.60757,-74.1409",{q{vFrzrcMta@kl@hDiInBiIr@}F\mHOsR,BBBBBBB,NYC_DOT_LIC,4616195,Staten Island,SIE E RICHMOND AVENUE - WOOLEY AVENUE
377,47.84,82,0,2022-10-25T14:43:09.000,4616195,"40.61486,-74.15738 40.60931,-74.15012 40.60846,-74.14847 40.6079,-74.146831 40.60764,-74.14555 40.6074906,-74.14404 40.60757,-74.1409",{q{vFrzrcMta@kl@hDiInBiIr@}F\mHOsR,BBBBBBB,NYC_DOT_LIC,4616195,Staten Island,SIE E RICHMOND AVENUE - WOOLEY AVENUE
377,50.33,78,0,2022-10-25T14:38:13.000,4616195,"40.61486,-74.15738 40.60931,-74.15012 40.60846,-74.14847 40.6079,-74.146831 40.60764,-74.14555 40.6074906,-74.14404 40.60757,-74.1409",{q{vFrzrcMta@kl@hDiInBiIr@}F\mHOsR,BBBBBBB,NYC_DOT_LIC,4616195,Staten Island,SIE E RICHMOND AVENUE - WOOLEY AVENUE
377,50.95,77,0,2022-10-25T14:33:11.000,4616195,"40.61486,-74.15738 40.60931,-74.15012 40.60846,-74.14847 40.6079,-74.146831 40.60764,-74.14555 40.6074906,-74.14404 40.60757,-74.1409",{q{vFrzrcMta@kl@hDiInBiIr@}F\mHOsR,BBBBBBB,NYC_DOT_LIC,4616195,Staten Island,SIE E RICHMOND AVENUE - WOOLEY AVENUE
377,46.60,84,0,2022-10-25T14:28:13.000,4616195,"40.61486,-74.15738 40.60931,-74.15012 40.60846,-74.14847 40.6079,-74.146831 40.60764,-74.14555 40.6074906,-74.14404 40.60757,-74.1409",{q{vFrzrcMta@kl@hDiInBiIr@}F\mHOsR,BBBBBBB,NYC_DOT_LIC,4616195,Staten Island,SIE E RICHMOND AVENUE - WOOLEY AVENUE
377,40.38,96,0,2022-10-25T14:23:09.000,4616195,"40.61486,-74.15738 40.60931,-74.15012 40.60846,-74.14847 40.6079,-74.146831 40.60764,-74.14555 40.6074906,-74.14404 40.60757,-74.1409",{q{vFrzrcMta@kl@hDiInBiIr@}F\mHOsR,BBBBBBB,NYC_DOT_LIC,4616195,Staten Island,SIE E RICHMOND AVENUE - WOOLEY AVENUE
377,37.90,103,0,2022-10-25T14:18:12.000,4616195,"40.61486,-74.15738 40.60931,-74.15012 40.60846,-74.14847 40.6079,-74.146831 40.60764,-74.14555 40.6074906,-74.14404 40.60757,-74.1409",{q{vFrzrcMta@kl@hDiInBiIr@}F\mHOsR,BBBBBBB,NYC_DOT_LIC,4616195,Staten Island,SIE E RICHMOND AVENUE - WOOLEY AVENUE
377,36.03,109,0,2022-10-25T14:13:09.000,4616195,"40.61486,-74.15738 40.60931,-74.15012 40.60846,-74.14847 40.6079,-74.146831 40.60764,-74.14555 40.6074906,-74.14404 40.60757,-74.1409",{q{vFrzrcMta@kl@hDiInBiIr@}F\mHOsR,BBBBBBB,NYC_DOT_LIC,4616195,Staten Island,SIE E RICHMOND AVENUE - WOOLEY AVENUE
377,27.34,144,0,2022-10-25T14:08:12.000,4616195,"40.61486,-74.15738 40.60931,-74.15012 40.60846,-74.14847 40.6079,-74.146831 40.60764,-74.14555 40.6074906,-74.14404 40.60757,-74.1409",{q{vFrzrcMta@kl@hDiInBiIr@}F\mHOsR,BBBBBBB,NYC_DOT_LIC,4616195,Staten Island,SIE E RICHMOND AVENUE - WOOLEY AVENUE
377,27.34,143,0,2022-10-25T14:03:09.000,4616195,"40.61486,-74.15738 40.60931,-74.15012 40.60846,-74.14847 40.6079,-74.146831 40.60764,-74.14555 40.6074906,-74.14404 40.60757,-74.1409",{q{vFrzrcMta@kl@hDiInBiIr@}F\mHOsR,BBBBBBB,NYC_DOT_LIC,4616195,Staten Island,SIE E RICHMOND AVENUE - WOOLEY AVENUE
377,21.12,187,0,2022-10-25T13:58:13.000,4616195,"40.61486,-74.15738 40.60931,-74.15012 40.60846,-74.14847 40.6079,-74.146831 40.60764,-74.14555 40.6074906,-74.14404 40.60757,-74.1409",{q{vFrzrcMta@kl@hDiInBiIr@}F\mHOsR,BBBBBBB,NYC_DOT_LIC,4616195,Staten Island,SIE E RICHMOND AVENUE - WOOLEY AVENUE
377,13.04,296,0,2022-10-25T13:53:10.000,4616195,"40.61486,-74.15738 40.60931,-74.15012 40.60846,-74.14847 40.6079,-74.146831 40.60764,-74.14555 40.6074906,-74.14404 40.60757,-74.1409",{q{vFrzrcMta@kl@hDiInBiIr@}F\mHOsR,BBBBBBB,NYC_DOT_LIC,4616195,Staten Island,SIE E RICHMOND AVENUE - WOOLEY AVENUE
377,11.80,323,0,2022-10-25T13:48:12.000,4616195,"40.61486,-74.15738 40.60931,-74.15012 40.60846,-74.14847 40.6079,-74.146831 40.60764,-74.14555 40.6074906,-74.14404 40.60757,-74.1409",{q{vFrzrcMta@kl@hDiInBiIr@}F\mHOsR,BBBBBBB,NYC_DOT_LIC,4616195,Staten Island,SIE E RICHMOND AVENUE - WOOLEY AVENUE
377,11.80,326,0,2022-10-25T13:43:08.000,4616195,"40.61486,-74.15738 40.60931,-74.15012 40.60846,-74.14847 40.6079,-74.146831 40.60764,-74.14555 40.6074906,-74.14404 40.60757,-74.1409",{q{vFrzrcMta@kl@hDiInBiIr@}F\mHOsR,BBBBBBB,NYC_DOT_LIC,4616195,Staten Island,SIE E RICHMOND AVENUE - WOOLEY AVENUE
377,11.18,338,0,2022-10-25T13:38:12.000,4616195,"40.61486,-74.15738 40.60931,-74.15012 40.60846,-74.14847 40.6079,-74.146831 40.60764,-74.14555 40.6074906,-74.14404 40.60757,-74.1409",{q{vFrzrcMta@kl@hDiInBiIr@}F\mHOsR,BBBBBBB,NYC_DOT_LIC,4616195,Staten Island,SIE E RICHMOND AVENUE - WOOLEY AVENUE
377,12.42,318,0,2022-10-25T13:33:09.000,4616195,"40.61486,-74.15738 40.60931,-74.15012 40.60846,-74.14847 40.6079,-74.146831 40.60764,-74.14555 40.6074906,-74.14404 40.60757,-74.1409",{q{vFrzrcMta@kl@hDiInBiIr@}F\mHOsR,BBBBBBB,NYC_DOT_LIC,4616195,Staten Island,SIE E RICHMOND AVENUE - WOOLEY AVENUE
377,12.42,313,0,2022-10-25T13:28:13.000,4616195,"40.61486,-74.15738 40.60931,-74.15012 40.60846,-74.14847 40.6079,-74.146831 40.60764,-74.14555 40.6074906,-74.14404 40.60757,-74.1409",{q{vFrzrcMta@kl@hDiInBiIr@}F\mHOsR,BBBBBBB,NYC_DOT_LIC,4616195,Staten Island,SIE E RICHMOND AVENUE - WOOLEY AVENUE
377,11.80,326,0,2022-10-25T13:23:08.000,4616195,"40.61486,-74.15738 40.60931,-74.15012 40.60846,-74.14847 40.6079,-74.146831 40.60764,-74.14555 40.6074906,-74.14404 40.60757,-74.1409",{q{vFrzrcMta@kl@hDiInBiIr@}F\mHOsR,BBBBBBB,NYC_DOT_LIC,4616195,Staten Island,SIE E RICHMOND AVENUE - WOOLEY AVENUE
377,12.42,313,0,2022-10-25T13:18:13.000,4616195,"40.61486,-74.15738 40.60931,-74.15012 40.60846,-74.14847 40.6079,-74.146831 40.60764,-74.14555 40.6074906,-74.14404 40.60757,-74.1409",{q{vFrzrcMta@kl@hDiInBiIr@}F\mHOsR,BBBBBBB,NYC_DOT_LIC,4616195,Staten Island,SIE E RICHMOND AVENUE - WOOLEY AVENUE
377,12.42,304,0,2022-10-25T13:13:10.000,4616195,"40.61486,-74.15738 40.60931,-74.15012 40.60846,-74.14847 40.6079,-74.146831 40.60764,-74.14555 40.6074906,-74.14404 40.60757,-74.1409",{q{vFrzrcMta@kl@hDiInBiIr@}F\mHOsR,BBBBBBB,NYC_DOT_LIC,4616195,Staten Island,SIE E RICHMOND AVENUE - WOOLEY AVENUE
377,11.80,332,0,2022-10-25T13:08:13.000,4616195,"40.61486,-74.15738 40.60931,-74.15012 40.60846,-74.14847 40.6079,-74.146831 40.60764,-74.14555 40.6074906,-74.14404 40.60757,-74.1409",{q{vFrzrcMta@kl@hDiInBiIr@}F\mHOsR,BBBBBBB,NYC_DOT_LIC,4616195,Staten Island,SIE E RICHMOND AVENUE - WOOLEY AVENUE
377,11.18,350,0,2022-10-25T13:03:10.000,4616195,"40.61486,-74.15738 40.60931,-74.15012 40.60846,-74.14847 40.6079,-74.146831 40.60764,-74.14555 40.6074906,-74.14404 40.60757,-74.1409",{q{vFrzrcMta@kl@hDiInBiIr@}F\mHOsR,BBBBBBB,NYC_DOT_LIC,4616195,Staten Island,SIE E RICHMOND AVENUE - WOOLEY AVENUE
377,10.56,370,0,2022-10-25T12:58:14.000,4616195,"40.61486,-74.15738 40.60931,-74.15012 40.60846,-74.14847 40.6079,-74.146831 40.60764,-74.14555 40.6074906,-74.14404 40.60757,-74.1409",{q{vFrzrcMta@kl@hDiInBiIr@}F\mHOsR,BBBBBBB,NYC_DOT_LIC,4616195,Staten Island,SIE E RICHMOND AVENUE - WOOLEY AVENUE
377,9.94,378,0,2022-10-25T12:53:08.000,4616195,"40.61486,-74.15738 40.60931,-74.15012 40.60846,-74.14847 40.6079,-74.146831 40.60764,-74.14555 40.6074906,-74.14404 40.60757,-74.1409",{q{vFrzrcMta@kl@hDiInBiIr@}F\mHOsR,BBBBBBB,NYC_DOT_LIC,4616195,Staten Island,SIE E RICHMOND AVENUE - WOOLEY AVENUE
377,10.56,367,0,2022-10-25T12:48:12.000,4616195,"40.61486,-74.15738 40.60931,-74.15012 40.60846,-74.14847 40.6079,-74.146831 40.60764,-74.14555 40.6074906,-74.14404 40.60757,-74.1409",{q{vFrzrcMta@kl@hDiInBiIr@}F\mHOsR,BBBBBBB,NYC_DOT_LIC,4616195,Staten Island,SIE E RICHMOND AVENUE - WOOLEY AVENUE
377,10.56,368,0,2022-10-25T12:43:09.000,4616195,"40.61486,-74.15738 40.60931,-74.15012 40.60846,-74.14847 40.6079,-74.146831 40.60764,-74.14555 40.6074906,-74.14404 40.60757,-74.1409",{q{vFrzrcMta@kl@hDiInBiIr@}F\mHOsR,BBBBBBB,NYC_DOT_LIC,4616195,Staten Island,SIE E RICHMOND AVENUE - WOOLEY AVENUE
377,9.94,395,0,2022-10-25T12:38:12.000,4616195,"40.61486,-74.15738 40.60931,-74.15012 40.60846,-74.14847 40.6079,-74.146831 40.60764,-74.14555 40.6074906,-74.14404 40.60757,-74.1409",{q{vFrzrcMta@kl@hDiInBiIr@}F\mHOsR,BBBBBBB,NYC_DOT_LIC,4616195,Staten Island,SIE E RICHMOND AVENUE - WOOLEY AVENUE
377,9.32,401,0,2022-10-25T12:33:10.000,4616195,"40.61486,-74.15738 40.60931,-74.15012 40.60846,-74.14847 40.6079,-74.146831 40.60764,-74.14555 40.6074906,-74.14404 40.60757,-74.1409",{q{vFrzrcMta@kl@hDiInBiIr@}F\mHOsR,BBBBBBB,NYC_DOT_LIC,4616195,Staten Island,SIE E RICHMOND AVENUE - WOOLEY AVENUE
377,9.32,416,0,2022-10-25T12:28:13.000,4616195,"40.61486,-74.15738 40.60931,-74.15012 40.60846,-74.14847 40.6079,-74.146831 40.60764,-74.14555 40.6074906,-74.14404 40.60757,-74.1409",{q{vFrzrcMta@kl@hDiInBiIr@}F\mHOsR,BBBBBBB,NYC_DOT_LIC,4616195,Staten Island,SIE E RICHMOND AVENUE - WOOLEY AVENUE
377,8.69,433,0,2022-10-25T12:23:12.000,4616195,"40.61486,-74.15738 40.60931,-74.15012 40.60846,-74.14847 40.6079,-74.146831 40.60764,-74.14555 40.6074906,-74.14404 40.60757,-74.1409",{q{vFrzrcMta@kl@hDiInBiIr@}F\mHOsR,BBBBBBB,NYC_DOT_LIC,4616195,Staten Island,SIE E RICHMOND AVENUE - WOOLEY AVENUE
377,9.32,406,0,2022-10-25T12:18:13.000,4616195,"40.61486,-74.15738 40.60931,-74.15012 40.60846,-74.14847 40.6079,-74.146831 40.60764,-74.14555 40.6074906,-74.14404 40.60757,-74.1409",{q{vFrzrcMta@kl@hDiInBiIr@}F\mHOsR,BBBBBBB,NYC_DOT_LIC,4616195,Staten Island,SIE E RICHMOND AVENUE - WOOLEY AVENUE
377,9.94,375,0,2022-10-25T12:13:10.000,4616195,"40.61486,-74.15738 40.60931,-74.15012 40.60846,-74.14847 40.6079,-74.146831 40.60764,-74.14555 40.6074906,-74.14404 40.60757,-74.1409",{q{vFrzrcMta@kl@hDiInBiIr@}F\mHOsR,BBBBBBB,NYC_DOT_LIC,4616195,Staten Island,SIE E RICHMOND AVENUE - WOOLEY AVENUE
377,10.56,369,0,2022-10-25T12:08:14.000,4616195,"40.61486,-74.15738 40.60931,-74.15012 40.60846,-74.14847 40.6079,-74.146831 40.60764,-74.14555 40.6074906,-74.14404 40.60757,-74.1409",{q{vFrzrcMta@kl@hDiInBiIr@}F\mHOsR,BBBBBBB,NYC_DOT_LIC,4616195,Staten Island,SIE E RICHMOND AVENUE - WOOLEY AVENUE
377,9.32,420,0,2022-10-25T12:03:09.000,4616195,"40.61486,-74.15738 40.60931,-74.15012 40.60846,-74.14847 40.6079,-74.146831 40.60764,-74.14555 40.6074906,-74.14404 40.60757,-74.1409",{q{vFrzrcMta@kl@hDiInBiIr@}F\mHOsR,BBBBBBB,NYC_DOT_LIC,4616195,Staten Island,SIE E RICHMOND AVENUE - WOOLEY AVENUE
377,9.32,421,0,2022-10-25T11:58:13.000,4616195,"40.61486,-74.15738 40.60931,-74.15012 40.60846,-74.14847 40.6079,-74.146831 40.60764,-74.14555 40.6074906,-74.14404 40.60757,-74.1409",{q{vFrzrcMta@kl@hDiInBiIr@}F\mHOsR,BBBBBBB,NYC_DOT_LIC,4616195,Staten Island,SIE E RICHMOND AVENUE - WOOLEY AVENUE
377,9.32,402,0,2022-10-25T11:53:09.000,4616195,"40.61486,-74.15738 40.60931,-74.15012 40.60846,-74.14847 40.6079,-74.146831 40.60764,-74.14555 40.6074906,-74.14404 40.60757,-74.1409",{q{vFrzrcMta@kl@hDiInBiIr@}F\mHOsR,BBBBBBB,NYC_DOT_LIC,4616195,Staten Island,SIE E RICHMOND AVENUE - WOOLEY AVENUE
377,10.56,354,0,2022-10-25T11:48:12.000,4616195,"40.61486,-74.15738 40.60931,-74.15012 40.60846,-74.14847 40.6079,-74.146831 40.60764,-74.14555 40.6074906,-74.14404 40.60757,-74.1409",{q{vFrzrcMta@kl@hDiInBiIr@}F\mHOsR,BBBBBBB,NYC_DOT_LIC,4616195,Staten Island,SIE E RICHMOND AVENUE - WOOLEY AVENUE
377,11.18,340,0,2022-10-25T11:43:10.000,4616195,"40.61486,-74.15738 40.60931,-74.15012 40.60846,-74.14847 40.6079,-74.146831 40.60764,-74.14555 40.6074906,-74.14404 40.60757,-74.1409",{q{vFrzrcMta@kl@hDiInBiIr@}F\mHOsR,BBBBBBB,NYC_DOT_LIC,4616195,Staten Island,SIE E RICHMOND AVENUE - WOOLEY AVENUE
377,10.56,374,0,2022-10-25T11:38:13.000,4616195,"40.61486,-74.15738 40.60931,-74.15012 40.60846,-74.14847 40.6079,-74.146831 40.60764,-74.14555 40.6074906,-74.14404 40.60757,-74.1409",{q{vFrzrcMta@kl@hDiInBiIr@}F\mHOsR,BBBBBBB,NYC_DOT_LIC,4616195,Staten Island,SIE E RICHMOND AVENUE - WOOLEY AVENUE
377,9.32,398,0,2022-10-25T11:33:12.000,4616195,"40.61486,-74.15738 40.60931,-74.15012 40.60846,-74.14847 40.6079,-74.146831 40.60764,-74.14555 40.6074906,-74.14404 40.60757,-74.1409",{q{vFrzrcMta@kl@hDiInBiIr@}F\mHOsR,BBBBBBB,NYC_DOT_LIC,4616195,Staten Island,SIE E RICHMOND AVENUE - WOOLEY AVENUE
377,9.32,407,0,2022-10-25T11:28:12.000,4616195,"40.61486,-74.15738 40.60931,-74.15012 40.60846,-74.14847 40.6079,-74.146831 40.60764,-74.14555 40.6074906,-74.14404 40.60757,-74.1409",{q{vFrzrcMta@kl@hDiInBiIr@}F\mHOsR,BBBBBBB,NYC_DOT_LIC,4616195,Staten Island,SIE E RICHMOND AVENUE - WOOLEY AVENUE
377,9.94,384,0,2022-10-25T11:23:09.000,4616195,"40.61486,-74.15738 40.60931,-74.15012 40.60846,-74.14847 40.6079,-74.146831 40.60764,-74.14555 40.6074906,-74.14404 40.60757,-74.1409",{q{vFrzrcMta@kl@hDiInBiIr@}F\mHOsR,BBBBBBB,NYC_DOT_LIC,4616195,Staten Island,SIE E RICHMOND AVENUE - WOOLEY AVENUE
377,10.56,362,0,2022-10-25T11:18:12.000,4616195,"40.61486,-74.15738 40.60931,-74.15012 40.60846,-74.14847 40.6079,-74.146831 40.60764,-74.14555 40.6074906,-74.14404 40.60757,-74.1409",{q{vFrzrcMta@kl@hDiInBiIr@}F\mHOsR,BBBBBBB,NYC_DOT_LIC,4616195,Staten Island,SIE E RICHMOND AVENUE - WOOLEY AVENUE
377,9.94,378,0,2022-10-25T11:13:10.000,4616195,"40.61486,-74.15738 40.60931,-74.15012 40.60846,-74.14847 40.6079,-74.146831 40.60764,-74.14555 40.6074906,-74.14404 40.60757,-74.1409",{q{vFrzrcMta@kl@hDiInBiIr@}F\mHOsR,BBBBBBB,NYC_DOT_LIC,4616195,Staten Island,SIE E RICHMOND AVENUE - WOOLEY AVENUE
377,9.94,386,0,2022-10-25T11:08:13.000,4616195,"40.61486,-74.15738 40.60931,-74.15012 40.60846,-74.14847 40.6079,-74.146831 40.60764,-74.14555 40.6074906,-74.14404 40.60757,-74.1409",{q{vFrzrcMta@kl@hDiInBiIr@}F\mHOsR,BBBBBBB,NYC_DOT_LIC,4616195,Staten Island,SIE E RICHMOND AVENUE - WOOLEY AVENUE
377,9.32,409,0,2022-10-25T11:03:10.000,4616195,"40.61486,-74.15738 40.60931,-74.15012 40.60846,-74.14847 40.6079,-74.146831 40.60764,-74.14555 40.6074906,-74.14404 40.60757,-74.1409",{q{vFrzrcMta@kl@hDiInBiIr@}F\mHOsR,BBBBBBB,NYC_DOT_LIC,4616195,Staten Island,SIE E RICHMOND AVENUE - WOOLEY AVENUE
377,9.32,407,0,2022-10-25T10:58:13.000,4616195,"40.61486,-74.15738 40.60931,-74.15012 40.60846,-74.14847 40.6079,-74.146831 40.60764,-74.14555 40.6074906,-74.14404 40.60757,-74.1409",{q{vFrzrcMta@kl@hDiInBiIr@}F\mHOsR,BBBBBBB,NYC_DOT_LIC,4616195,Staten Island,SIE E RICHMOND AVENUE - WOOLEY AVENUE
377,9.94,387,0,2022-10-25T10:53:10.000,4616195,"40.61486,-74.15738 40.60931,-74.15012 40.60846,-74.14847 40.6079,-74.146831 40.60764,-74.14555 40.6074906,-74.14404 40.60757,-74.1409",{q{vFrzrcMta@kl@hDiInBiIr@}F\mHOsR,BBBBBBB,NYC_DOT_LIC,4616195,Staten Island,SIE E RICHMOND AVENUE - WOOLEY AVENUE
377,9.94,375,0,2022-10-25T10:48:13.000,4616195,"40.61486,-74.15738 40.60931,-74.15012 40.60846,-74.14847 40.6079,-74.146831 40.60764,-74.14555 40.6074906,-74.14404 40.60757,-74.1409",{q{vFrzrcMta@kl@hDiInBiIr@}F\mHOsR,BBBBBBB,NYC_DOT_LIC,4616195,Staten Island,SIE E RICHMOND AVENUE - WOOLEY AVENUE
377,9.94,376,0,2022-10-25T10:43:09.000,4616195,"40.61486,-74.15738 40.60931,-74.15012 40.60846,-74.14847 40.6079,-74.146831 40.60764,-74.14555 40.6074906,-74.14404 40.60757,-74.1409",{q{vFrzrcMta@kl@hDiInBiIr@}F\mHOsR,BBBBBBB,NYC_DOT_LIC,4616195,Staten Island,SIE E RICHMOND AVENUE - WOOLEY AVENUE
377,8.69,432,0,2022-10-25T10:38:13.000,4616195,"40.61486,-74.15738 40.60931,-74.15012 40.60846,-74.14847 40.6079,-74.146831 40.60764,-74.14555 40.6074906,-74.14404 40.60757,-74.1409",{q{vFrzrcMta@kl@hDiInBiIr@}F\mHOsR,BBBBBBB,NYC_DOT_LIC,4616195,Staten Island,SIE E RICHMOND AVENUE - WOOLEY AVENUE
377,9.32,413,0,2022-10-25T10:33:08.000,4616195,"40.61486,-74.15738 40.60931,-74.15012 40.60846,-74.14847 40.6079,-74.146831 40.60764,-74.14555 40.6074906,-74.14404 40.60757,-74.1409",{q{vFrzrcMta@kl@hDiInBiIr@}F\mHOsR,BBBBBBB,NYC_DOT_LIC,4616195,Staten Island,SIE E RICHMOND AVENUE - WOOLEY AVENUE
377,9.32,415,0,2022-10-25T10:28:14.000,4616195,"40.61486,-74.15738 40.60931,-74.15012 40.60846,-74.14847 40.6079,-74.146831 40.60764,-74.14555 40.6074906,-74.14404 40.60757,-74.1409",{q{vFrzrcMta@kl@hDiInBiIr@}F\mHOsR,BBBBBBB,NYC_DOT_LIC,4616195,Staten Island,SIE E RICHMOND AVENUE - WOOLEY AVENUE
377,8.69,439,0,2022-10-25T10:23:11.000,4616195,"40.61486,-74.15738 40.60931,-74.15012 40.60846,-74.14847 40.6079,-74.146831 40.60764,-74.14555 40.6074906,-74.14404 40.60757,-74.1409",{q{vFrzrcMta@kl@hDiInBiIr@}F\mHOsR,BBBBBBB,NYC_DOT_LIC,4616195,Staten Island,SIE E RICHMOND AVENUE - WOOLEY AVENUE
377,9.32,423,0,2022-10-25T10:18:14.000,4616195,"40.61486,-74.15738 40.60931,-74.15012 40.60846,-74.14847 40.6079,-74.146831 40.60764,-74.14555 40.6074906,-74.14404 40.60757,-74.1409",{q{vFrzrcMta@kl@hDiInBiIr@}F\mHOsR,BBBBBBB,NYC_DOT_LIC,4616195,Staten Island,SIE E RICHMOND AVENUE - WOOLEY AVENUE
377,9.94,379,0,2022-10-25T10:13:09.000,4616195,"40.61486,-74.15738 40.60931,-74.15012 40.60846,-74.14847 40.6079,-74.146831 40.60764,-74.14555 40.6074906,-74.14404 40.60757,-74.1409",{q{vFrzrcMta@kl@hDiInBiIr@}F\mHOsR,BBBBBBB,NYC_DOT_LIC,4616195,Staten Island,SIE E RICHMOND AVENUE - WOOLEY AVENUE
377,12.42,313,0,2022-10-25T10:08:15.000,4616195,"40.61486,-74.15738 40.60931,-74.15012 40.60846,-74.14847 40.6079,-74.146831 40.60764,-74.14555 40.6074906,-74.14404 40.60757,-74.1409",{q{vFrzrcMta@kl@hDiInBiIr@}F\mHOsR,BBBBBBB,NYC_DOT_LIC,4616195,Staten Island,SIE E RICHMOND AVENUE - WOOLEY AVENUE
377,15.53,248,0,2022-10-25T10:03:10.000,4616195,"40.61486,-74.15738 40.60931,-74.15012 40.60846,-74.14847 40.6079,-74.146831 40.60764,-74.14555 40.6074906,-74.14404 40.60757,-74.1409",{q{vFrzrcMta@kl@hDiInBiIr@}F\mHOsR,BBBBBBB,NYC_DOT_LIC,4616195,Staten Island,SIE E RICHMOND AVENUE - WOOLEY AVENUE
377,18.01,214,0,2022-10-25T09:58:12.000,4616195,"40.61486,-74.15738 40.60931,-74.15012 40.60846,-74.14847 40.6079,-74.146831 40.60764,-74.14555 40.6074906,-74.14404 40.60757,-74.1409",{q{vFrzrcMta@kl@hDiInBiIr@}F\mHOsR,BBBBBBB,NYC_DOT_LIC,4616195,Staten Island,SIE E RICHMOND AVENUE - WOOLEY AVENUE
377,18.01,216,0,2022-10-25T09:53:09.000,4616195,"40.61486,-74.15738 40.60931,-74.15012 40.60846,-74.14847 40.6079,-74.146831 40.60764,-74.14555 40.6074906,-74.14404 40.60757,-74.1409",{q{vFrzrcMta@kl@hDiInBiIr@}F\mHOsR,BBBBBBB,NYC_DOT_LIC,4616195,Staten Island,SIE E RICHMOND AVENUE - WOOLEY AVENUE
377,13.04,289,0,2022-10-25T09:48:12.000,4616195,"40.61486,-74.15738 40.60931,-74.15012 40.60846,-74.14847 40.6079,-74.146831 40.60764,-74.14555 40.6074906,-74.14404 40.60757,-74.1409",{q{vFrzrcMta@kl@hDiInBiIr@}F\mHOsR,BBBBBBB,NYC_DOT_LIC,4616195,Staten Island,SIE E RICHMOND AVENUE - WOOLEY AVENUE
377,14.29,276,0,2022-10-25T09:43:11.000,4616195,"40.61486,-74.15738 40.60931,-74.15012 40.60846,-74.14847 40.6079,-74.146831 40.60764,-74.14555 40.6074906,-74.14404 40.60757,-74.1409",{q{vFrzrcMta@kl@hDiInBiIr@}F\mHOsR,BBBBBBB,NYC_DOT_LIC,4616195,Staten Island,SIE E RICHMOND AVENUE - WOOLEY AVENUE
377,14.91,255,0,2022-10-25T09:38:13.000,4616195,"40.61486,-74.15738 40.60931,-74.15012 40.60846,-74.14847 40.6079,-74.146831 40.60764,-74.14555 40.6074906,-74.14404 40.60757,-74.1409",{q{vFrzrcMta@kl@hDiInBiIr@}F\mHOsR,BBBBBBB,NYC_DOT_LIC,4616195,Staten Island,SIE E RICHMOND AVENUE - WOOLEY AVENUE
377,16.77,234,0,2022-10-25T09:33:11.000,4616195,"40.61486,-74.15738 40.60931,-74.15012 40.60846,-74.14847 40.6079,-74.146831 40.60764,-74.14555 40.6074906,-74.14404 40.60757,-74.1409",{q{vFrzrcMta@kl@hDiInBiIr@}F\mHOsR,BBBBBBB,NYC_DOT_LIC,4616195,Staten Island,SIE E RICHMOND AVENUE - WOOLEY AVENUE
377,18.64,209,0,2022-10-25T09:28:13.000,4616195,"40.61486,-74.15738 40.60931,-74.15012 40.60846,-74.14847 40.6079,-74.146831 40.60764,-74.14555 40.6074906,-74.14404 40.60757,-74.1409",{q{vFrzrcMta@kl@hDiInBiIr@}F\mHOsR,BBBBBBB,NYC_DOT_LIC,4616195,Staten Island,SIE E RICHMOND AVENUE - WOOLEY AVENUE
377,19.88,198,0,2022-10-25T09:23:09.000,4616195,"40.61486,-74.15738 40.60931,-74.15012 40.60846,-74.14847 40.6079,-74.146831 40.60764,-74.14555 40.6074906,-74.14404 40.60757,-74.1409",{q{vFrzrcMta@kl@hDiInBiIr@}F\mHOsR,BBBBBBB,NYC_DOT_LIC,4616195,Staten Island,SIE E RICHMOND AVENUE - WOOLEY AVENUE
377,18.01,215,0,2022-10-25T09:18:13.000,4616195,"40.61486,-74.15738 40.60931,-74.15012 40.60846,-74.14847 40.6079,-74.146831 40.60764,-74.14555 40.6074906,-74.14404 40.60757,-74.1409",{q{vFrzrcMta@kl@hDiInBiIr@}F\mHOsR,BBBBBBB,NYC_DOT_LIC,4616195,Staten Island,SIE E RICHMOND AVENUE - WOOLEY AVENUE
377,18.64,207,0,2022-10-25T09:13:09.000,4616195,"40.61486,-74.15738 40.60931,-74.15012 40.60846,-74.14847 40.6079,-74.146831 40.60764,-74.14555 40.6074906,-74.14404 40.60757,-74.1409",{q{vFrzrcMta@kl@hDiInBiIr@}F\mHOsR,BBBBBBB,NYC_DOT_LIC,4616195,Staten Island,SIE E RICHMOND AVENUE - WOOLEY AVENUE
377,24.85,157,0,2022-10-25T09:08:14.000,4616195,"40.61486,-74.15738 40.60931,-74.15012 40.60846,-74.14847 40.6079,-74.146831 40.60764,-74.14555 40.6074906,-74.14404 40.60757,-74.1409",{q{vFrzrcMta@kl@hDiInBiIr@}F\mHOsR,BBBBBBB,NYC_DOT_LIC,4616195,Staten Island,SIE E RICHMOND AVENUE - WOOLEY AVENUE
377,28.58,137,0,2022-10-25T09:03:11.000,4616195,"40.61486,-74.15738 40.60931,-74.15012 40.60846,-74.14847 40.6079,-74.146831 40.60764,-74.14555 40.6074906,-74.14404 40.60757,-74.1409",{q{vFrzrcMta@kl@hDiInBiIr@}F\mHOsR,BBBBBBB,NYC_DOT_LIC,4616195,Staten Island,SIE E RICHMOND AVENUE - WOOLEY AVENUE
377,29.20,134,0,2022-10-25T08:58:13.000,4616195,"40.61486,-74.15738 40.60931,-74.15012 40.60846,-74.14847 40.6079,-74.146831 40.60764,-74.14555 40.6074906,-74.14404 40.60757,-74.1409",{q{vFrzrcMta@kl@hDiInBiIr@}F\mHOsR,BBBBBBB,NYC_DOT_LIC,4616195,Staten Island,SIE E RICHMOND AVENUE - WOOLEY AVENUE
